"box";"file_no";"vid_row_id";"date_";"vid_action";"datetime_vid";"vid_dur";"vid_comment_txt";"vid_act_se"
"1";"006";"n1";1;2017-05-18;"pers_trans";2017-05-18 10:06:23.357;7740;"start um 10:06 Uhr";0
"2";"006";"n1";2;2017-05-18;"FRONT";2017-05-18 10:11:07.263;7740;NA;1
"3";"006";"n1";3;2017-05-18;"FRONT";2017-05-18 10:11:08.957;7740;NA;2
"4";"006";"n1";4;2017-05-18;"FRONT";2017-05-18 10:11:20.842;7740;NA;1
"5";"006";"n1";5;2017-05-18;"IN";2017-05-18 10:11:22.398;7740;NA;0
"6";"006";"n1";6;2017-05-18;"OUT";2017-05-18 10:11:45.677;7740;NA;0
"7";"006";"n1";7;2017-05-18;"IN";2017-05-18 10:14:04.278;7740;NA;0
"8";"006";"n1";8;2017-05-18;"OUT";2017-05-18 10:14:10.398;7740;NA;0
"9";"006";"n1";9;2017-05-18;"IN";2017-05-18 10:14:29.226;7740;NA;0
"10";"006";"n1";10;2017-05-18;"OUT";2017-05-18 10:15:58.387;7740;NA;0
"11";"006";"n1";11;2017-05-18;"IN";2017-05-18 10:18:11.358;7740;NA;0
"12";"006";"n1";12;2017-05-18;"OUT";2017-05-18 10:18:21.918;7740;NA;0
"13";"006";"n1";13;2017-05-18;"IN";2017-05-18 10:18:45.917;7740;NA;0
"14";"006";"n1";14;2017-05-18;"OUT";2017-05-18 10:18:54.184;7740;NA;0
"15";"006";"n1";15;2017-05-18;"IN";2017-05-18 10:19:07.878;7740;NA;0
"16";"006";"n1";16;2017-05-18;"OUT";2017-05-18 10:19:19.140;7740;NA;0
"17";"006";"n1";17;2017-05-18;"IN";2017-05-18 10:20:12.798;7740;NA;0
"18";"006";"n1";18;2017-05-18;"OUT";2017-05-18 10:20:21.772;7740;NA;0
"19";"006";"n1";19;2017-05-18;"IN";2017-05-18 10:21:08.696;7740;NA;0
"20";"006";"n1";20;2017-05-18;"OUT";2017-05-18 10:21:17.349;7740;NA;0
"21";"006";"n1";21;2017-05-18;"IN";2017-05-18 10:21:21.308;7740;NA;0
"22";"006";"n1";22;2017-05-18;"OUT";2017-05-18 10:21:31.283;7740;NA;0
"23";"006";"n1";23;2017-05-18;"IN";2017-05-18 10:21:48.424;7740;NA;0
"24";"006";"n1";24;2017-05-18;"OUT";2017-05-18 10:21:55.854;7740;NA;0
"25";"006";"n1";25;2017-05-18;"IN";2017-05-18 10:24:30.674;7740;NA;0
"26";"006";"n1";26;2017-05-18;"OUT";2017-05-18 10:24:41.237;7740;NA;0
"27";"006";"n1";27;2017-05-18;"IN";2017-05-18 10:25:25.759;7740;"1st BT enters box";0
"28";"006";"n1";28;2017-05-18;"FRONT";2017-05-18 10:25:39.426;7740;"2nd BT arrives at box and hangs outside on box";1
"29";"006";"n1";29;2017-05-18;"OUT";2017-05-18 10:25:46.000;7740;"1st BT leaves box while 2nd BT hangs outside on box";0
"30";"006";"n1";30;2017-05-18;"IN";2017-05-18 10:25:47.588;7740;"2nd BT enters box";0
"31";"006";"n1";31;2017-05-18;"OUT";2017-05-18 10:25:56.579;7740;"2nd BT leaves box";0
"32";"006";"n1";32;2017-05-18;"IN";2017-05-18 10:26:23.240;7740;NA;0
"33";"006";"n1";33;2017-05-18;"OUT";2017-05-18 10:26:32.960;7740;NA;0
"34";"006";"n1";34;2017-05-18;"IN";2017-05-18 10:26:59.838;7740;NA;0
"35";"006";"n1";35;2017-05-18;"OUT";2017-05-18 10:27:17.598;7740;NA;0
"36";"006";"n1";36;2017-05-18;"IN";2017-05-18 10:28:51.076;7740;NA;0
"37";"006";"n1";37;2017-05-18;"OUT";2017-05-18 10:29:03.433;7740;NA;0
"38";"006";"n1";38;2017-05-18;"IN";2017-05-18 10:29:48.920;7740;NA;0
"39";"006";"n1";39;2017-05-18;"OUT";2017-05-18 10:30:02.832;7740;NA;0
"40";"006";"n1";40;2017-05-18;"IN";2017-05-18 10:32:09.441;7740;NA;0
"41";"006";"n1";41;2017-05-18;"OUT";2017-05-18 10:32:14.957;7740;NA;0
"42";"006";"n1";42;2017-05-18;"IN";2017-05-18 10:34:54.559;7740;NA;0
"43";"006";"n1";43;2017-05-18;"OUT";2017-05-18 10:35:04.023;7740;NA;0
"44";"006";"n1";44;2017-05-18;"IN";2017-05-18 10:35:41.344;7740;NA;0
"45";"006";"n1";45;2017-05-18;"OUT";2017-05-18 10:35:49.269;7740;NA;0
"46";"006";"n1";46;2017-05-18;"IN";2017-05-18 10:38:27.078;7740;NA;0
"47";"006";"n1";47;2017-05-18;"OUT";2017-05-18 10:38:52.753;7740;NA;0
"48";"006";"n1";48;2017-05-18;"IN";2017-05-18 10:42:24.198;7740;NA;0
"49";"006";"n1";49;2017-05-18;"OUT";2017-05-18 10:42:34.016;7740;NA;0
"50";"006";"n1";50;2017-05-18;"IN";2017-05-18 10:44:09.548;7740;NA;0
"51";"006";"n1";51;2017-05-18;"OUT";2017-05-18 10:44:22.500;7740;NA;0
"52";"006";"n1";52;2017-05-18;"IN";2017-05-18 10:44:37.033;7740;NA;0
"53";"006";"n1";53;2017-05-18;"OUT";2017-05-18 10:45:24.316;7740;NA;0
"54";"006";"n1";54;2017-05-18;"IN";2017-05-18 10:47:15.200;7740;NA;0
"55";"006";"n1";55;2017-05-18;"OUT";2017-05-18 10:47:28.641;7740;NA;0
"56";"006";"n1";56;2017-05-18;"IN";2017-05-18 10:49:01.279;7740;NA;0
"57";"006";"n1";57;2017-05-18;"OUT";2017-05-18 10:49:13.523;7740;NA;0
"58";"006";"n1";58;2017-05-18;"IN";2017-05-18 10:49:58.757;7740;NA;0
"59";"006";"n1";59;2017-05-18;"OUT";2017-05-18 10:50:06.798;7740;NA;0
"60";"006";"n1";60;2017-05-18;"IN";2017-05-18 10:50:40.519;7740;NA;0
"61";"006";"n1";61;2017-05-18;"OUT";2017-05-18 10:50:50.243;7740;NA;0
"62";"006";"n1";62;2017-05-18;"IN";2017-05-18 10:52:17.691;7740;NA;0
"63";"006";"n1";63;2017-05-18;"OUT";2017-05-18 10:52:36.410;7740;NA;0
"64";"006";"n1";64;2017-05-18;"IN";2017-05-18 10:53:41.834;7740;NA;0
"65";"006";"n1";65;2017-05-18;"OUT";2017-05-18 10:53:51.424;7740;NA;0
"66";"006";"n1";66;2017-05-18;"IN";2017-05-18 10:54:46.161;7740;NA;0
"67";"006";"n1";67;2017-05-18;"OUT";2017-05-18 10:54:56.111;7740;NA;0
"68";"006";"n1";68;2017-05-18;"IN";2017-05-18 10:56:12.680;7740;NA;0
"69";"006";"n1";69;2017-05-18;"IN";2017-05-18 10:56:55.520;7740;NA;0
"70";"006";"n1";70;2017-05-18;"OUT";2017-05-18 10:56:57.441;7740;NA;0
"71";"006";"n1";71;2017-05-18;"OUT";2017-05-18 10:57:14.351;7740;NA;0
"72";"006";"n1";72;2017-05-18;"IN";2017-05-18 10:58:07.641;7740;NA;0
"73";"006";"n1";73;2017-05-18;"IN";2017-05-18 10:58:29.117;7740;NA;0
"74";"006";"n1";74;2017-05-18;"OUT";2017-05-18 10:58:32.227;7740;NA;0
"75";"006";"n1";75;2017-05-18;"OUT";2017-05-18 10:58:40.158;7740;NA;0
"76";"006";"n1";76;2017-05-18;"IN";2017-05-18 10:59:35.839;7740;NA;0
"77";"006";"n1";77;2017-05-18;"OUT";2017-05-18 10:59:50.961;7740;NA;0
"78";"006";"n1";78;2017-05-18;"IN";2017-05-18 11:00:16.157;7740;NA;0
"79";"006";"n1";79;2017-05-18;"OUT";2017-05-18 11:00:30.677;7740;NA;0
"80";"006";"n1";80;2017-05-18;"IN";2017-05-18 11:01:54.437;7740;NA;0
"81";"006";"n1";81;2017-05-18;"OUT";2017-05-18 11:02:10.507;7740;NA;0
"82";"006";"n1";82;2017-05-18;"IN";2017-05-18 11:02:58.520;7740;NA;0
"83";"006";"n1";83;2017-05-18;"OUT";2017-05-18 11:03:40.158;7740;NA;0
"84";"006";"n1";84;2017-05-18;"IN";2017-05-18 11:04:40.640;7740;NA;0
"85";"006";"n1";85;2017-05-18;"OUT";2017-05-18 11:04:45.536;7740;NA;0
"86";"006";"n1";86;2017-05-18;"IN";2017-05-18 11:06:01.253;7740;NA;0
"87";"006";"n1";87;2017-05-18;"OUT";2017-05-18 11:06:09.437;7740;NA;0
"88";"006";"n1";88;2017-05-18;"IN";2017-05-18 11:08:26.355;7740;NA;0
"89";"006";"n1";89;2017-05-18;"OUT";2017-05-18 11:08:39.915;7740;NA;0
"90";"006";"n1";90;2017-05-18;"IN";2017-05-18 11:11:01.878;7740;NA;0
"91";"006";"n1";91;2017-05-18;"OUT";2017-05-18 11:11:30.559;7740;NA;0
"92";"006";"n1";92;2017-05-18;"IN";2017-05-18 11:16:42.552;7740;NA;0
"93";"006";"n1";93;2017-05-18;"OUT";2017-05-18 11:16:55.640;7740;NA;0
"94";"006";"n1";94;2017-05-18;"IN";2017-05-18 11:17:25.611;7740;NA;0
"95";"006";"n1";95;2017-05-18;"IN";2017-05-18 11:17:28.747;7740;NA;0
"96";"006";"n1";96;2017-05-18;"OUT";2017-05-18 11:17:39.194;7740;NA;0
"97";"006";"n1";97;2017-05-18;"IN";2017-05-18 11:18:13.878;7740;NA;0
"98";"006";"n1";98;2017-05-18;"OUT";2017-05-18 11:18:20.477;7740;NA;0
"99";"006";"n1";99;2017-05-18;"OUT";2017-05-18 11:18:32.477;7740;NA;0
"100";"006";"n1";100;2017-05-18;"IN";2017-05-18 11:19:19.286;7740;NA;0
"101";"006";"n1";101;2017-05-18;"OUT";2017-05-18 11:19:27.427;7740;NA;0
"102";"006";"n1";102;2017-05-18;"IN";2017-05-18 11:19:29.963;7740;NA;0
"103";"006";"n1";103;2017-05-18;"OUT";2017-05-18 11:20:06.303;7740;NA;0
"104";"006";"n1";104;2017-05-18;"IN";2017-05-18 11:20:59.362;7740;NA;0
"105";"006";"n1";105;2017-05-18;"OUT";2017-05-18 11:21:11.479;7740;NA;0
"106";"006";"n1";106;2017-05-18;"IN";2017-05-18 11:22:21.911;7740;NA;0
"107";"006";"n1";107;2017-05-18;"OUT";2017-05-18 11:22:34.881;7740;NA;0
"108";"006";"n1";108;2017-05-18;"IN";2017-05-18 11:23:29.226;7740;NA;0
"109";"006";"n1";109;2017-05-18;"OUT";2017-05-18 11:23:42.562;7740;NA;0
"110";"006";"n1";110;2017-05-18;"IN";2017-05-18 11:25:35.601;7740;NA;0
"111";"006";"n1";111;2017-05-18;"OUT";2017-05-18 11:26:07.157;7740;NA;0
"112";"006";"n1";112;2017-05-18;"IN";2017-05-18 11:27:32.825;7740;NA;0
"113";"006";"n1";113;2017-05-18;"OUT";2017-05-18 11:27:57.191;7740;NA;0
"114";"006";"n1";114;2017-05-18;"IN";2017-05-18 11:32:00.677;7740;NA;0
"115";"006";"n1";115;2017-05-18;"OUT";2017-05-18 11:32:17.599;7740;NA;0
"116";"006";"n1";116;2017-05-18;"IN";2017-05-18 11:33:53.956;7740;NA;0
"117";"006";"n1";117;2017-05-18;"OUT";2017-05-18 11:34:04.280;7740;NA;0
"118";"006";"n1";118;2017-05-18;"IN";2017-05-18 11:35:03.533;7740;NA;0
"119";"006";"n1";119;2017-05-18;"OUT";2017-05-18 11:35:12.671;7740;NA;0
"120";"006";"n1";120;2017-05-18;"IN";2017-05-18 11:35:53.719;7740;NA;0
"121";"006";"n1";121;2017-05-18;"OUT";2017-05-18 11:36:03.533;7740;NA;0
"122";"006";"n2";122;2017-05-18;"IN";2017-05-18 11:38:02.237;7740;NA;0
"123";"006";"n2";123;2017-05-18;"OUT";2017-05-18 11:38:32.115;7740;NA;0
"124";"006";"n2";124;2017-05-18;"IN";2017-05-18 11:40:34.877;7740;NA;0
"125";"006";"n2";125;2017-05-18;"OUT";2017-05-18 11:40:50.595;7740;NA;0
"126";"006";"n2";126;2017-05-18;"IN";2017-05-18 11:44:02.756;7740;"die \"jump to\" Funktion funktioniert nicht. Beim zweiten Start von vorne differiert die Zeit um ca. 2 Sekunden";0
"127";"006";"n2";127;2017-05-18;"OUT";2017-05-18 11:44:18.413;7740;NA;0
"128";"006";"n2";128;2017-05-18;"IN";2017-05-18 11:45:46.999;7740;NA;0
"129";"006";"n2";129;2017-05-18;"OUT";2017-05-18 11:46:06.078;7740;NA;0
"130";"006";"n2";130;2017-05-18;"IN";2017-05-18 11:46:53.361;7740;NA;0
"131";"006";"n2";131;2017-05-18;"OUT";2017-05-18 11:47:00.918;7740;NA;0
"132";"006";"n2";132;2017-05-18;"IN";2017-05-18 11:49:36.078;7740;NA;0
"133";"006";"n2";133;2017-05-18;"IN";2017-05-18 11:49:43.762;7740;NA;0
"134";"006";"n2";134;2017-05-18;"OUT";2017-05-18 11:49:52.881;7740;NA;0
"135";"006";"n2";135;2017-05-18;"OUT";2017-05-18 11:49:58.401;7740;NA;0
"136";"006";"n2";136;2017-05-18;"IN";2017-05-18 11:50:28.759;7740;NA;0
"137";"006";"n2";137;2017-05-18;"OUT";2017-05-18 11:50:36.921;7740;NA;0
"138";"006";"n2";138;2017-05-18;"IN";2017-05-18 11:51:44.598;7740;NA;0
"139";"006";"n2";139;2017-05-18;"OUT";2017-05-18 11:52:48.081;7740;NA;0
"140";"006";"n2";140;2017-05-18;"IN";2017-05-18 11:58:06.201;7740;NA;0
"141";"006";"n2";141;2017-05-18;"OUT";2017-05-18 11:58:25.398;7740;NA;0
"142";"006";"n2";142;2017-05-18;"IN";2017-05-18 12:00:20.002;7740;NA;0
"143";"006";"n2";143;2017-05-18;"OUT";2017-05-18 12:00:36.562;7740;NA;0
"144";"006";"n2";144;2017-05-18;"pers_trans";2017-05-18 12:15:24.134;7740;"Peter Loes Transponder in Box";0
"145";"034";"n1";145;2017-05-18;"IN";2017-05-18 09:53:26.000;7980;NA;0
"146";"034";"n1";146;2017-05-18;"pers_trans";2017-05-18 09:53:26.957;7980;"Peter Loes Transponder in Box um 09:53:00 Uhr";0
"147";"034";"n1";147;2017-05-18;"IN";2017-05-18 09:54:45.204;7980;NA;0
"148";"034";"n1";148;2017-05-18;"OUT";2017-05-18 09:54:53.717;7980;NA;0
"149";"034";"n1";149;2017-05-18;"OUT";2017-05-18 09:54:58.390;7980;NA;0
"150";"034";"n1";150;2017-05-18;"IN";2017-05-18 09:56:39.303;7980;NA;0
"151";"034";"n1";151;2017-05-18;"OUT";2017-05-18 09:56:49.997;7980;NA;0
"152";"034";"n1";152;2017-05-18;"IN";2017-05-18 09:58:33.901;7980;NA;0
"153";"034";"n1";153;2017-05-18;"OUT";2017-05-18 09:58:43.999;7980;NA;0
"154";"034";"n1";154;2017-05-18;"FRONT";2017-05-18 10:02:34.630;7980;NA;1
"155";"034";"n1";155;2017-05-18;"IN";2017-05-18 10:02:38.720;7980;NA;0
"156";"034";"n1";156;2017-05-18;"IN";2017-05-18 10:02:45.657;7980;NA;0
"157";"034";"n1";157;2017-05-18;"OUT";2017-05-18 10:02:51.911;7980;NA;0
"158";"034";"n1";158;2017-05-18;"OUT";2017-05-18 10:02:54.917;7980;NA;0
"159";"034";"n1";159;2017-05-18;"IN";2017-05-18 10:03:41.717;7980;NA;0
"160";"034";"n1";160;2017-05-18;"OUT";2017-05-18 10:03:51.312;7980;NA;0
"161";"034";"n1";161;2017-05-18;"IN";2017-05-18 10:05:46.397;7980;NA;0
"162";"034";"n1";162;2017-05-18;"OUT";2017-05-18 10:05:54.073;7980;NA;0
"163";"034";"n1";163;2017-05-18;"FRONT";2017-05-18 10:08:34.634;7980;NA;1
"164";"034";"n1";164;2017-05-18;"IN";2017-05-18 10:08:36.437;7980;NA;0
"165";"034";"n1";165;2017-05-18;"OUT";2017-05-18 10:09:44.237;7980;NA;0
"166";"034";"n1";166;2017-05-18;"IN";2017-05-18 10:10:48.197;7980;NA;0
"167";"034";"n1";167;2017-05-18;"OUT";2017-05-18 10:10:59.111;7980;NA;0
"168";"034";"n1";168;2017-05-18;"IN";2017-05-18 10:11:15.312;7980;NA;0
"169";"034";"n1";169;2017-05-18;"OUT";2017-05-18 10:11:21.190;7980;NA;0
"170";"034";"n1";170;2017-05-18;"IN";2017-05-18 10:11:56.361;7980;NA;0
"171";"034";"n1";171;2017-05-18;"OUT";2017-05-18 10:12:01.756;7980;NA;0
"172";"034";"n1";172;2017-05-18;"IN";2017-05-18 10:12:50.763;7980;NA;0
"173";"034";"n1";173;2017-05-18;"OUT";2017-05-18 10:12:59.362;7980;NA;0
"174";"034";"n1";174;2017-05-18;"IN";2017-05-18 10:13:08.959;7980;NA;0
"175";"034";"n1";175;2017-05-18;"OUT";2017-05-18 10:13:11.936;7980;NA;0
"176";"034";"n1";176;2017-05-18;"IN";2017-05-18 10:13:37.763;7980;NA;0
"177";"034";"n1";177;2017-05-18;"OUT";2017-05-18 10:13:45.076;7980;NA;0
"178";"034";"n1";178;2017-05-18;"IN";2017-05-18 10:15:19.516;7980;NA;0
"179";"034";"n1";179;2017-05-18;"OUT";2017-05-18 10:15:25.994;7980;NA;0
"180";"034";"n1";180;2017-05-18;"IN";2017-05-18 10:16:38.598;7980;NA;0
"181";"034";"n1";181;2017-05-18;"OUT";2017-05-18 10:16:45.311;7980;NA;0
"182";"034";"n1";182;2017-05-18;"IN";2017-05-18 10:17:31.035;7980;NA;0
"183";"034";"n1";183;2017-05-18;"OUT";2017-05-18 10:17:36.805;7980;NA;0
"184";"034";"n1";184;2017-05-18;"IN";2017-05-18 10:18:29.357;7980;NA;0
"185";"034";"n1";185;2017-05-18;"IN";2017-05-18 10:18:33.920;7980;NA;0
"186";"034";"n1";186;2017-05-18;"OUT";2017-05-18 10:18:35.933;7980;NA;0
"187";"034";"n1";187;2017-05-18;"OUT";2017-05-18 10:18:40.283;7980;NA;0
"188";"034";"n1";188;2017-05-18;"IN";2017-05-18 10:20:30.559;7980;NA;0
"189";"034";"n1";189;2017-05-18;"OUT";2017-05-18 10:20:39.680;7980;NA;0
"190";"034";"n1";190;2017-05-18;"IN";2017-05-18 10:21:42.658;7980;NA;0
"191";"034";"n1";191;2017-05-18;"OUT";2017-05-18 10:21:47.359;7980;NA;0
"192";"034";"n1";192;2017-05-18;"IN";2017-05-18 10:22:46.644;7980;NA;0
"193";"034";"n1";193;2017-05-18;"OUT";2017-05-18 10:22:51.052;7980;NA;0
"194";"034";"n1";194;2017-05-18;"IN";2017-05-18 10:24:26.839;7980;NA;0
"195";"034";"n1";195;2017-05-18;"IN";2017-05-18 10:26:13.028;7980;NA;0
"196";"034";"n1";196;2017-05-18;"OUT";2017-05-18 10:26:15.434;7980;NA;0
"197";"034";"n1";197;2017-05-18;"OUT";2017-05-18 10:26:18.191;7980;NA;0
"198";"034";"n1";198;2017-05-18;"IN";2017-05-18 10:27:14.344;7980;NA;0
"199";"034";"n1";199;2017-05-18;"OUT";2017-05-18 10:27:18.078;7980;NA;0
"200";"034";"n1";200;2017-05-18;"IN";2017-05-18 10:28:56.700;7980;NA;0
"201";"034";"n1";201;2017-05-18;"OUT";2017-05-18 10:29:06.437;7980;NA;0
"202";"034";"n1";202;2017-05-18;"IN";2017-05-18 10:30:33.546;7980;NA;0
"203";"034";"n1";203;2017-05-18;"OUT";2017-05-18 10:30:38.240;7980;NA;0
"204";"034";"n1";204;2017-05-18;"IN";2017-05-18 10:31:08.467;7980;NA;0
"205";"034";"n1";205;2017-05-18;"OUT";2017-05-18 10:31:15.910;7980;NA;0
"206";"034";"n1";206;2017-05-18;"IN";2017-05-18 10:32:17.000;7980;NA;0
"207";"034";"n1";207;2017-05-18;"OUT";2017-05-18 10:32:25.869;7980;NA;0
"208";"034";"n1";208;2017-05-18;"IN";2017-05-18 10:36:27.529;7980;NA;0
"209";"034";"n1";209;2017-05-18;"OUT";2017-05-18 10:36:37.756;7980;NA;0
"210";"034";"n1";210;2017-05-18;"IN";2017-05-18 10:37:15.441;7980;NA;0
"211";"034";"n1";211;2017-05-18;"FRONT";2017-05-18 10:37:20.584;7980;NA;1
"212";"034";"n1";212;2017-05-18;"FRONT";2017-05-18 10:37:22.517;7980;NA;2
"213";"034";"n1";213;2017-05-18;"OUT";2017-05-18 10:37:23.956;7980;NA;0
"214";"034";"n1";214;2017-05-18;"IN";2017-05-18 10:37:25.759;7980;NA;0
"215";"034";"n1";215;2017-05-18;"OUT";2017-05-18 10:37:29.480;7980;NA;0
"216";"034";"n1";216;2017-05-18;"IN";2017-05-18 10:38:35.349;7980;NA;0
"217";"034";"n1";217;2017-05-18;"OUT";2017-05-18 10:38:41.118;7980;NA;0
"218";"034";"n1";218;2017-05-18;"IN";2017-05-18 10:39:09.075;7980;NA;0
"219";"034";"n1";219;2017-05-18;"OUT";2017-05-18 10:39:16.279;7980;NA;0
"220";"034";"n1";220;2017-05-18;"IN";2017-05-18 10:42:14.480;7980;NA;0
"221";"034";"n1";221;2017-05-18;"OUT";2017-05-18 10:42:20.592;7980;NA;0
"222";"034";"n1";222;2017-05-18;"IN";2017-05-18 10:43:55.269;7980;NA;0
"223";"034";"n1";223;2017-05-18;"OUT";2017-05-18 10:44:00.677;7980;NA;0
"224";"034";"n1";224;2017-05-18;"IN";2017-05-18 10:44:26.960;7980;NA;0
"225";"034";"n1";225;2017-05-18;"OUT";2017-05-18 10:44:37.371;7980;NA;0
"226";"034";"n1";226;2017-05-18;"IN";2017-05-18 10:44:39.319;7980;NA;0
"227";"034";"n1";227;2017-05-18;"OUT";2017-05-18 10:44:51.680;7980;NA;0
"228";"034";"n1";228;2017-05-18;"IN";2017-05-18 10:45:41.711;7980;NA;0
"229";"034";"n1";229;2017-05-18;"OUT";2017-05-18 10:45:47.730;7980;NA;0
"230";"034";"n1";230;2017-05-18;"IN";2017-05-18 10:46:36.197;7980;NA;0
"231";"034";"n1";231;2017-05-18;"OUT";2017-05-18 10:46:47.359;7980;NA;0
"232";"034";"n1";232;2017-05-18;"IN";2017-05-18 10:48:03.318;7980;NA;0
"233";"034";"n1";233;2017-05-18;"OUT";2017-05-18 10:48:10.401;7980;NA;0
"234";"034";"n1";234;2017-05-18;"IN";2017-05-18 10:48:36.319;7980;NA;0
"235";"034";"n1";235;2017-05-18;"OUT";2017-05-18 10:48:42.078;7980;NA;0
"236";"034";"n1";236;2017-05-18;"IN";2017-05-18 10:49:58.029;7980;NA;0
"237";"034";"n1";237;2017-05-18;"OUT";2017-05-18 10:50:05.118;7980;NA;0
"238";"034";"n1";238;2017-05-18;"IN";2017-05-18 10:52:13.878;7980;NA;0
"239";"034";"n1";239;2017-05-18;"OUT";2017-05-18 10:52:17.237;7980;NA;0
"240";"034";"n1";240;2017-05-18;"IN";2017-05-18 10:53:24.559;7980;NA;0
"241";"034";"n1";241;2017-05-18;"OUT";2017-05-18 10:53:33.921;7980;NA;0
"242";"034";"n1";242;2017-05-18;"IN";2017-05-18 10:55:03.914;7980;NA;0
"243";"034";"n1";243;2017-05-18;"OUT";2017-05-18 10:55:10.631;7980;NA;0
"244";"034";"n1";244;2017-05-18;"IN";2017-05-18 10:55:14.716;7980;NA;0
"245";"034";"n1";245;2017-05-18;"OUT";2017-05-18 10:55:24.318;7980;NA;0
"246";"034";"n1";246;2017-05-18;"IN";2017-05-18 10:55:42.920;7980;NA;0
"247";"034";"n1";247;2017-05-18;"OUT";2017-05-18 10:55:49.279;7980;NA;0
"248";"034";"n1";248;2017-05-18;"IN";2017-05-18 10:56:54.798;7980;NA;0
"249";"034";"n1";249;2017-05-18;"OUT";2017-05-18 10:56:59.730;7980;NA;0
"250";"034";"n1";250;2017-05-18;"IN";2017-05-18 10:57:12.555;7980;NA;0
"251";"034";"n1";251;2017-05-18;"OUT";2017-05-18 10:57:18.441;7980;NA;0
"252";"034";"n1";252;2017-05-18;"IN";2017-05-18 10:57:34.880;7980;NA;0
"253";"034";"n1";253;2017-05-18;"OUT";2017-05-18 10:57:42.078;7980;NA;0
"254";"034";"n1";254;2017-05-18;"IN";2017-05-18 10:58:12.321;7980;NA;0
"255";"034";"n1";255;2017-05-18;"OUT";2017-05-18 10:58:20.236;7980;NA;0
"256";"034";"n1";256;2017-05-18;"IN";2017-05-18 10:59:56.338;7980;NA;0
"257";"034";"n1";257;2017-05-18;"IN";2017-05-18 11:00:18.680;7980;NA;0
"258";"034";"n1";258;2017-05-18;"OUT";2017-05-18 11:00:21.553;7980;NA;0
"259";"034";"n1";259;2017-05-18;"OUT";2017-05-18 11:00:25.875;7980;NA;0
"260";"034";"n1";260;2017-05-18;"IN";2017-05-18 11:02:30.196;7980;NA;0
"261";"034";"n1";261;2017-05-18;"OUT";2017-05-18 11:02:36.559;7980;NA;0
"262";"034";"n1";262;2017-05-18;"IN";2017-05-18 11:03:32.111;7980;NA;0
"263";"034";"n1";263;2017-05-18;"BACK";2017-05-18 11:03:55.042;7980;NA;1
"264";"034";"n1";264;2017-05-18;"OUT";2017-05-18 11:03:57.798;7980;NA;0
"265";"034";"n1";265;2017-05-18;"IN";2017-05-18 11:04:37.757;7980;NA;0
"266";"034";"n1";266;2017-05-18;"OUT";2017-05-18 11:04:41.342;7980;NA;0
"267";"034";"n1";267;2017-05-18;"IN";2017-05-18 11:05:16.157;7980;NA;0
"268";"034";"n1";268;2017-05-18;"BACK";2017-05-18 11:06:32.480;7980;NA;1
"269";"034";"n1";269;2017-05-18;"OUT";2017-05-18 11:06:39.316;7980;NA;0
"270";"034";"n1";270;2017-05-18;"IN";2017-05-18 11:09:33.437;7980;NA;0
"271";"034";"n1";271;2017-05-18;"OUT";2017-05-18 11:09:43.625;7980;NA;0
"272";"034";"n1";272;2017-05-18;"IN";2017-05-18 11:10:45.668;7980;NA;0
"273";"034";"n1";273;2017-05-18;"BACK";2017-05-18 11:14:48.441;7980;NA;1
"274";"034";"n1";274;2017-05-18;"BACK";2017-05-18 11:14:57.197;7980;NA;2
"275";"034";"n1";275;2017-05-18;"BACK";2017-05-18 11:16:10.157;7980;NA;1
"276";"034";"n1";276;2017-05-18;"BACK";2017-05-18 11:16:27.076;7980;NA;2
"277";"034";"n1";277;2017-05-18;"BACK";2017-05-18 11:16:32.107;7980;NA;1
"278";"034";"n1";278;2017-05-18;"BACK";2017-05-18 11:17:09.673;7980;NA;2
"279";"034";"n1";279;2017-05-18;"BACK";2017-05-18 11:17:12.430;7980;NA;1
"280";"034";"n1";280;2017-05-18;"OUT";2017-05-18 11:17:13.984;7980;NA;0
"281";"034";"n1";281;2017-05-18;"IN";2017-05-18 11:19:21.430;7980;NA;0
"282";"034";"n1";282;2017-05-18;"OUT";2017-05-18 11:19:32.092;7980;NA;0
"283";"034";"n1";283;2017-05-18;"IN";2017-05-18 11:20:32.095;7980;NA;0
"284";"034";"n1";284;2017-05-18;"BACK";2017-05-18 11:20:48.437;7980;NA;1
"285";"034";"n1";285;2017-05-18;"OUT";2017-05-18 11:20:56.812;7980;NA;0
"286";"034";"n1";286;2017-05-18;"IN";2017-05-18 11:21:10.515;7980;NA;0
"287";"034";"n1";287;2017-05-18;"OUT";2017-05-18 11:21:17.341;7980;NA;0
"288";"034";"n1";288;2017-05-18;"IN";2017-05-18 11:21:34.493;7980;NA;0
"289";"034";"n1";289;2017-05-18;"OUT";2017-05-18 11:21:45.428;7980;NA;0
"290";"034";"n1";290;2017-05-18;"IN";2017-05-18 11:21:55.266;7980;NA;0
"291";"034";"n1";291;2017-05-18;"OUT";2017-05-18 11:22:05.352;7980;NA;0
"292";"034";"n1";292;2017-05-18;"IN";2017-05-18 11:22:30.078;7980;NA;0
"293";"034";"n1";293;2017-05-18;"OUT";2017-05-18 11:22:36.167;7980;NA;0
"294";"034";"n1";294;2017-05-18;"IN";2017-05-18 11:23:54.421;7980;NA;0
"295";"034";"n1";295;2017-05-18;"OUT";2017-05-18 11:24:04.532;7980;NA;0
"296";"034";"n1";296;2017-05-18;"IN";2017-05-18 11:24:06.786;7980;NA;0
"297";"034";"n2";297;2017-05-18;"OUT";2017-05-18 11:24:16.036;7980;NA;0
"298";"034";"n2";298;2017-05-18;"IN";2017-05-18 11:24:34.638;7980;NA;0
"299";"034";"n2";299;2017-05-18;"IN";2017-05-18 11:25:37.276;7980;NA;0
"300";"034";"n2";300;2017-05-18;"OUT";2017-05-18 11:25:39.437;7980;NA;0
"301";"034";"n2";301;2017-05-18;"OUT";2017-05-18 11:25:42.188;7980;NA;0
"302";"034";"n2";302;2017-05-18;"IN";2017-05-18 11:26:04.388;7980;NA;0
"303";"034";"n2";303;2017-05-18;"OUT";2017-05-18 11:26:16.157;7980;NA;0
"304";"034";"n2";304;2017-05-18;"IN";2017-05-18 11:28:47.117;7980;NA;0
"305";"034";"n2";305;2017-05-18;"OUT";2017-05-18 11:28:53.596;7980;NA;0
"306";"034";"n2";306;2017-05-18;"IN";2017-05-18 11:30:12.559;7980;NA;0
"307";"034";"n2";307;2017-05-18;"BACK";2017-05-18 11:31:01.757;7980;NA;1
"308";"034";"n2";308;2017-05-18;"BACK";2017-05-18 11:31:05.598;7980;NA;2
"309";"034";"n2";309;2017-05-18;"BACK";2017-05-18 11:31:07.015;7980;NA;1
"310";"034";"n2";310;2017-05-18;"OUT";2017-05-18 11:31:09.414;7980;NA;0
"311";"034";"n2";311;2017-05-18;"IN";2017-05-18 11:32:39.197;7980;NA;0
"312";"034";"n2";312;2017-05-18;"OUT";2017-05-18 11:32:44.605;7980;NA;0
"313";"034";"n2";313;2017-05-18;"IN";2017-05-18 11:32:50.836;7980;NA;0
"314";"034";"n2";314;2017-05-18;"BACK";2017-05-18 11:33:00.648;7980;NA;1
"315";"034";"n2";315;2017-05-18;"OUT";2017-05-18 11:33:05.815;7980;NA;0
"316";"034";"n2";316;2017-05-18;"IN";2017-05-18 11:34:02.463;7980;NA;0
"317";"034";"n2";317;2017-05-18;"OUT";2017-05-18 11:34:08.128;7980;NA;0
"318";"034";"n2";318;2017-05-18;"IN";2017-05-18 11:39:40.874;7980;NA;0
"319";"034";"n2";319;2017-05-18;"OUT";2017-05-18 11:39:46.877;7980;NA;0
"320";"034";"n2";320;2017-05-18;"IN";2017-05-18 11:39:57.917;7980;NA;0
"321";"034";"n2";321;2017-05-18;"OUT";2017-05-18 11:40:04.038;7980;NA;0
"322";"034";"n2";322;2017-05-18;"IN";2017-05-18 11:40:17.232;7980;NA;0
"323";"034";"n2";323;2017-05-18;"OUT";2017-05-18 11:40:21.076;7980;NA;0
"324";"034";"n2";324;2017-05-18;"IN";2017-05-18 11:41:13.757;7980;NA;0
"325";"034";"n2";325;2017-05-18;"OUT";2017-05-18 11:41:20.233;7980;NA;0
"326";"034";"n2";326;2017-05-18;"IN";2017-05-18 11:44:36.802;7980;NA;0
"327";"034";"n2";327;2017-05-18;"OUT";2017-05-18 11:44:43.997;7980;NA;0
"328";"034";"n2";328;2017-05-18;"IN";2017-05-18 11:46:45.197;7980;NA;0
"329";"034";"n2";329;2017-05-18;"OUT";2017-05-18 11:46:51.301;7980;NA;0
"330";"034";"n2";330;2017-05-18;"IN";2017-05-18 11:49:23.717;7980;NA;0
"331";"034";"n2";331;2017-05-18;"OUT";2017-05-18 11:49:29.349;7980;NA;0
"332";"034";"n2";332;2017-05-18;"IN";2017-05-18 11:49:58.140;7980;NA;0
"333";"034";"n2";333;2017-05-18;"OUT";2017-05-18 11:50:03.301;7980;NA;0
"334";"034";"n2";334;2017-05-18;"IN";2017-05-18 11:51:42.316;7980;NA;0
"335";"034";"n2";335;2017-05-18;"BACK";2017-05-18 11:51:47.476;7980;NA;1
"336";"034";"n2";336;2017-05-18;"BACK";2017-05-18 11:51:50.101;7980;NA;2
"337";"034";"n2";337;2017-05-18;"OUT";2017-05-18 11:51:50.960;7980;NA;0
"338";"034";"n2";338;2017-05-18;"IN";2017-05-18 11:52:07.624;7980;NA;0
"339";"034";"n2";339;2017-05-18;"BACK";2017-05-18 11:52:12.183;7980;NA;1
"340";"034";"n2";340;2017-05-18;"OUT";2017-05-18 11:52:13.878;7980;NA;0
"341";"034";"n2";341;2017-05-18;"IN";2017-05-18 11:52:41.349;7980;NA;0
"342";"034";"n2";342;2017-05-18;"OUT";2017-05-18 11:52:49.388;7980;NA;0
"343";"034";"n2";343;2017-05-18;"IN";2017-05-18 11:53:44.234;7980;NA;0
"344";"034";"n2";344;2017-05-18;"BACK";2017-05-18 11:53:50.354;7980;NA;1
"345";"034";"n2";345;2017-05-18;"OUT";2017-05-18 11:53:52.394;7980;NA;0
"346";"034";"n2";346;2017-05-18;"IN";2017-05-18 11:54:31.997;7980;NA;0
"347";"034";"n2";347;2017-05-18;"OUT";2017-05-18 11:54:37.038;7980;NA;0
"348";"034";"n2";348;2017-05-18;"IN";2017-05-18 11:56:55.756;7980;NA;0
"349";"034";"n2";349;2017-05-18;"OUT";2017-05-18 11:57:03.788;7980;NA;0
"350";"034";"n2";350;2017-05-18;"IN";2017-05-18 11:59:29.596;7980;NA;0
"351";"034";"n2";351;2017-05-18;"OUT";2017-05-18 11:59:38.954;7980;NA;0
"352";"034";"n2";352;2017-05-18;"IN";2017-05-18 12:00:25.878;7980;NA;0
"353";"034";"n2";353;2017-05-18;"OUT";2017-05-18 12:00:32.115;7980;NA;0
"354";"034";"n2";354;2017-05-18;"IN";2017-05-18 12:02:07.506;7980;NA;0
"355";"034";"n2";355;2017-05-18;"OUT";2017-05-18 12:02:18.312;7980;NA;0
"356";"034";"n2";356;2017-05-18;"IN";2017-05-18 12:02:37.993;7980;NA;0
"357";"034";"n2";357;2017-05-18;"BACK";2017-05-18 12:03:54.917;7980;NA;1
"358";"034";"n2";358;2017-05-18;"OUT";2017-05-18 12:04:04.157;7980;NA;0
"359";"034";"n2";359;2017-05-18;"FRONT";2017-05-18 12:05:03.556;7980;NA;1
"360";"034";"n2";360;2017-05-18;"FRONT";2017-05-18 12:05:05.237;7980;NA;2
"361";"034";"n2";361;2017-05-18;"pers_trans";2017-05-18 12:06:26.859;7980;"Peter Loes Transponder in Box um 12:06 Uhr";0
"362";"057";"n1";362;2017-05-25;"pers_trans";2017-05-25 09:56:41.740;9660;"Peter Loes Transponder in Box um 09:56 Uhr";0
"363";"057";"n1";363;2017-05-25;"IN";2017-05-25 09:59:18.220;9660;NA;0
"364";"057";"n1";364;2017-05-25;"OUT";2017-05-25 09:59:31.321;9660;NA;0
"365";"057";"n1";365;2017-05-25;"IN";2017-05-25 10:00:28.898;9660;NA;0
"366";"057";"n1";366;2017-05-25;"OUT";2017-05-25 10:00:37.536;9660;NA;0
"367";"057";"n1";367;2017-05-25;"IN";2017-05-25 10:01:19.298;9660;NA;0
"368";"057";"n1";368;2017-05-25;"OUT";2017-05-25 10:01:24.313;9660;NA;0
"369";"057";"n1";369;2017-05-25;"IN";2017-05-25 10:06:08.621;9660;NA;0
"370";"057";"n1";370;2017-05-25;"OUT";2017-05-25 10:06:16.528;9660;NA;0
"371";"057";"n1";371;2017-05-25;"IN";2017-05-25 10:06:30.068;9660;NA;0
"372";"057";"n1";372;2017-05-25;"OUT";2017-05-25 10:06:35.979;9660;NA;0
"373";"057";"n1";373;2017-05-25;"IN";2017-05-25 10:07:09.696;9660;NA;0
"374";"057";"n1";374;2017-05-25;"OUT";2017-05-25 10:07:19.293;9660;NA;0
"375";"057";"n1";375;2017-05-25;"IN";2017-05-25 10:07:25.421;9660;NA;0
"376";"057";"n1";376;2017-05-25;"OUT";2017-05-25 10:07:51.358;9660;NA;0
"377";"057";"n1";377;2017-05-25;"IN";2017-05-25 10:08:28.411;9660;NA;0
"378";"057";"n1";378;2017-05-25;"OUT";2017-05-25 10:08:34.298;9660;NA;0
"379";"057";"n1";379;2017-05-25;"IN";2017-05-25 10:09:19.178;9660;NA;0
"380";"057";"n1";380;2017-05-25;"OUT";2017-05-25 10:09:23.028;9660;NA;0
"381";"057";"n1";381;2017-05-25;"IN";2017-05-25 10:09:51.344;9660;NA;0
"382";"057";"n1";382;2017-05-25;"OUT";2017-05-25 10:10:06.822;9660;NA;0
"383";"057";"n1";383;2017-05-25;"IN";2017-05-25 10:12:18.220;9660;NA;0
"384";"057";"n1";384;2017-05-25;"IN";2017-05-25 10:12:28.400;9660;NA;0
"385";"057";"n1";385;2017-05-25;"OUT";2017-05-25 10:12:31.667;9660;NA;0
"386";"057";"n1";386;2017-05-25;"OUT";2017-05-25 10:12:37.667;9660;NA;0
"387";"057";"n1";387;2017-05-25;"IN";2017-05-25 10:13:36.700;9660;NA;0
"388";"057";"n1";388;2017-05-25;"OUT";2017-05-25 10:13:44.645;9660;NA;0
"389";"057";"n1";389;2017-05-25;"IN";2017-05-25 10:14:13.523;9660;NA;0
"390";"057";"n1";390;2017-05-25;"OUT";2017-05-25 10:14:19.542;9660;NA;0
"391";"057";"n1";391;2017-05-25;"IN";2017-05-25 10:15:06.342;9660;NA;0
"392";"057";"n1";392;2017-05-25;"OUT";2017-05-25 10:15:10.548;9660;NA;0
"393";"057";"n1";393;2017-05-25;"IN";2017-05-25 10:15:12.944;9660;NA;0
"394";"057";"n1";394;2017-05-25;"OUT";2017-05-25 10:15:24.569;9660;NA;0
"395";"057";"n1";395;2017-05-25;"IN";2017-05-25 10:15:37.426;9660;NA;0
"396";"057";"n1";396;2017-05-25;"OUT";2017-05-25 10:15:41.619;9660;NA;0
"397";"057";"n1";397;2017-05-25;"IN";2017-05-25 10:18:05.358;9660;NA;0
"398";"057";"n1";398;2017-05-25;"OUT";2017-05-25 10:18:20.732;9660;NA;0
"399";"057";"n1";399;2017-05-25;"IN";2017-05-25 10:22:38.023;9660;NA;0
"400";"057";"n1";400;2017-05-25;"OUT";2017-05-25 10:22:42.700;9660;NA;0
"401";"057";"n1";401;2017-05-25;"IN";2017-05-25 10:23:16.931;9660;NA;0
"402";"057";"n1";402;2017-05-25;"OUT";2017-05-25 10:23:21.463;9660;NA;0
"403";"057";"n1";403;2017-05-25;"IN";2017-05-25 10:26:08.859;9660;NA;0
"404";"057";"n1";404;2017-05-25;"OUT";2017-05-25 10:26:18.579;9660;NA;0
"405";"057";"n1";405;2017-05-25;"IN";2017-05-25 10:30:04.540;9660;NA;0
"406";"057";"n1";406;2017-05-25;"OUT";2017-05-25 10:30:08.619;9660;NA;0
"407";"057";"n1";407;2017-05-25;"IN";2017-05-25 10:31:06.216;9660;NA;0
"408";"057";"n1";408;2017-05-25;"OUT";2017-05-25 10:31:20.252;9660;NA;0
"409";"057";"n1";409;2017-05-25;"IN";2017-05-25 10:31:49.059;9660;NA;0
"410";"057";"n1";410;2017-05-25;"OUT";2017-05-25 10:31:57.117;9660;NA;0
"411";"057";"n1";411;2017-05-25;"IN";2017-05-25 10:33:43.663;9660;NA;0
"412";"057";"n1";412;2017-05-25;"OUT";2017-05-25 10:34:07.417;9660;NA;0
"413";"057";"n1";413;2017-05-25;"IN";2017-05-25 10:35:09.122;9660;NA;0
"414";"057";"n1";414;2017-05-25;"OUT";2017-05-25 10:35:23.500;9660;NA;0
"415";"057";"n1";415;2017-05-25;"IN";2017-05-25 10:36:13.414;9660;NA;0
"416";"057";"n1";416;2017-05-25;"OUT";2017-05-25 10:36:21.204;9660;NA;0
"417";"057";"n1";417;2017-05-25;"IN";2017-05-25 10:36:40.894;9660;NA;0
"418";"057";"n1";418;2017-05-25;"OUT";2017-05-25 10:36:51.102;9660;NA;0
"419";"057";"n1";419;2017-05-25;"IN";2017-05-25 10:37:11.502;9660;NA;0
"420";"057";"n1";420;2017-05-25;"OUT";2017-05-25 10:37:18.948;9660;NA;0
"421";"057";"n1";421;2017-05-25;"IN";2017-05-25 10:38:06.338;9660;NA;0
"422";"057";"n1";422;2017-05-25;"OUT";2017-05-25 10:38:11.500;9660;NA;0
"423";"057";"n1";423;2017-05-25;"IN";2017-05-25 10:38:51.825;9660;NA;0
"424";"057";"n1";424;2017-05-25;"OUT";2017-05-25 10:39:05.372;9660;NA;0
"425";"057";"n1";425;2017-05-25;"IN";2017-05-25 10:41:15.086;9660;NA;0
"426";"057";"n1";426;2017-05-25;"OUT";2017-05-25 10:41:25.996;9660;NA;0
"427";"057";"n1";427;2017-05-25;"IN";2017-05-25 10:42:15.099;9660;NA;0
"428";"057";"n1";428;2017-05-25;"OUT";2017-05-25 10:42:23.500;9660;NA;0
"429";"057";"n1";429;2017-05-25;"IN";2017-05-25 10:47:00.463;9660;NA;0
"430";"057";"n1";430;2017-05-25;"OUT";2017-05-25 10:47:05.859;9660;NA;0
"431";"057";"n1";431;2017-05-25;"IN";2017-05-25 10:50:22.664;9660;NA;0
"432";"057";"n1";432;2017-05-25;"OUT";2017-05-25 10:50:31.036;9660;NA;0
"433";"057";"n1";433;2017-05-25;"IN";2017-05-25 10:52:35.125;9660;NA;0
"434";"057";"n1";434;2017-05-25;"OUT";2017-05-25 10:52:45.210;9660;NA;0
"435";"057";"n1";435;2017-05-25;"IN";2017-05-25 10:53:55.770;9660;NA;0
"436";"057";"n1";436;2017-05-25;"OUT";2017-05-25 10:54:16.049;9660;NA;0
"437";"057";"n1";437;2017-05-25;"IN";2017-05-25 11:03:05.980;9660;NA;0
"438";"057";"n1";438;2017-05-25;"OUT";2017-05-25 11:03:13.651;9660;NA;0
"439";"057";"n1";439;2017-05-25;"IN";2017-05-25 11:04:44.862;9660;NA;0
"440";"057";"n1";440;2017-05-25;"OUT";2017-05-25 11:04:56.618;9660;NA;0
"441";"057";"n1";441;2017-05-25;"IN";2017-05-25 11:07:30.220;9660;NA;0
"442";"057";"n1";442;2017-05-25;"BACK";2017-05-25 11:07:35.022;9660;NA;1
"443";"057";"n1";443;2017-05-25;"OUT";2017-05-25 11:07:38.496;9660;NA;0
"444";"057";"n1";444;2017-05-25;"IN";2017-05-25 11:08:29.496;9660;NA;0
"445";"057";"n1";445;2017-05-25;"OUT";2017-05-25 11:08:38.380;9660;NA;0
"446";"057";"n1";446;2017-05-25;"IN";2017-05-25 11:08:48.552;9660;NA;0
"447";"057";"n1";447;2017-05-25;"OUT";2017-05-25 11:08:58.631;9660;NA;0
"448";"057";"n1";448;2017-05-25;"IN";2017-05-25 11:10:03.076;9660;NA;0
"449";"057";"n1";449;2017-05-25;"OUT";2017-05-25 11:10:12.940;9660;NA;0
"450";"057";"n1";450;2017-05-25;"IN";2017-05-25 11:15:39.575;9660;NA;0
"451";"057";"n1";451;2017-05-25;"OUT";2017-05-25 11:16:56.619;9660;NA;0
"452";"057";"n1";452;2017-05-25;"IN";2017-05-25 11:18:13.780;9660;NA;0
"453";"057";"n1";453;2017-05-25;"OUT";2017-05-25 11:18:21.331;9660;NA;0
"454";"057";"n1";454;2017-05-25;"IN";2017-05-25 11:19:39.448;9660;NA;0
"455";"057";"n1";455;2017-05-25;"OUT";2017-05-25 11:19:50.009;9660;NA;0
"456";"057";"n1";456;2017-05-25;"IN";2017-05-25 11:21:05.263;9660;NA;0
"457";"057";"n1";457;2017-05-25;"OUT";2017-05-25 11:21:18.220;9660;NA;0
"458";"057";"n1";458;2017-05-25;"IN";2017-05-25 11:23:06.081;9660;NA;0
"459";"057";"n1";459;2017-05-25;"OUT";2017-05-25 11:23:21.680;9660;NA;0
"460";"057";"n1";460;2017-05-25;"IN";2017-05-25 11:23:57.105;9660;NA;0
"461";"057";"n1";461;2017-05-25;"IN";2017-05-25 11:24:37.900;9660;NA;0
"462";"057";"n1";462;2017-05-25;"OUT";2017-05-25 11:24:39.706;9660;NA;0
"463";"057";"n1";463;2017-05-25;"OUT";2017-05-25 11:24:44.619;9660;NA;0
"464";"057";"n1";464;2017-05-25;"IN";2017-05-25 11:27:38.140;9660;NA;0
"465";"057";"n2";465;2017-05-25;"OUT";2017-05-25 11:28:36.851;9660;NA;0
"466";"057";"n2";466;2017-05-25;"IN";2017-05-25 11:30:11.411;9660;NA;0
"467";"057";"n2";467;2017-05-25;"OUT";2017-05-25 11:30:18.611;9660;NA;0
"468";"057";"n2";468;2017-05-25;"IN";2017-05-25 11:30:21.010;9660;NA;0
"469";"057";"n2";469;2017-05-25;"OUT";2017-05-25 11:30:26.651;9660;NA;0
"470";"057";"n2";470;2017-05-25;"IN";2017-05-25 11:31:10.691;9660;NA;0
"471";"057";"n2";471;2017-05-25;"OUT";2017-05-25 11:31:18.732;9660;NA;0
"472";"057";"n2";472;2017-05-25;"IN";2017-05-25 11:33:09.009;9660;NA;0
"473";"057";"n2";473;2017-05-25;"IN";2017-05-25 11:33:22.460;9660;NA;0
"474";"057";"n2";474;2017-05-25;"OUT";2017-05-25 11:33:27.253;9660;NA;0
"475";"057";"n2";475;2017-05-25;"OUT";2017-05-25 11:33:32.532;9660;NA;0
"476";"057";"n2";476;2017-05-25;"IN";2017-05-25 11:35:22.691;9660;NA;0
"477";"057";"n2";477;2017-05-25;"OUT";2017-05-25 11:35:31.812;9660;NA;0
"478";"057";"n2";478;2017-05-25;"IN";2017-05-25 11:38:12.970;9660;NA;0
"479";"057";"n2";479;2017-05-25;"OUT";2017-05-25 11:39:33.608;9660;NA;0
"480";"057";"n2";480;2017-05-25;"IN";2017-05-25 11:45:52.332;9660;NA;0
"481";"057";"n2";481;2017-05-25;"OUT";2017-05-25 11:46:07.095;9660;NA;0
"482";"057";"n2";482;2017-05-25;"IN";2017-05-25 11:46:54.132;9660;NA;0
"483";"057";"n2";483;2017-05-25;"OUT";2017-05-25 11:46:59.522;9660;NA;0
"484";"057";"n2";484;2017-05-25;"IN";2017-05-25 11:55:40.334;9660;NA;0
"485";"057";"n2";485;2017-05-25;"OUT";2017-05-25 11:55:51.732;9660;NA;0
"486";"057";"n2";486;2017-05-25;"IN";2017-05-25 11:58:04.210;9660;NA;0
"487";"057";"n2";487;2017-05-25;"OUT";2017-05-25 11:59:21.131;9660;NA;0
"488";"057";"n2";488;2017-05-25;"IN";2017-05-25 12:01:32.052;9660;NA;0
"489";"057";"n2";489;2017-05-25;"OUT";2017-05-25 12:01:40.319;9660;NA;0
"490";"057";"n2";490;2017-05-25;"IN";2017-05-25 12:03:01.805;9660;NA;0
"491";"057";"n2";491;2017-05-25;"OUT";2017-05-25 12:03:11.177;9660;NA;0
"492";"057";"n2";492;2017-05-25;"IN";2017-05-25 12:03:57.605;9660;NA;0
"493";"057";"n2";493;2017-05-25;"OUT";2017-05-25 12:04:52.221;9660;NA;0
"494";"057";"n2";494;2017-05-25;"IN";2017-05-25 12:05:09.378;9660;NA;0
"495";"057";"n2";495;2017-05-25;"OUT";2017-05-25 12:05:16.697;9660;NA;0
"496";"057";"n2";496;2017-05-25;"IN";2017-05-25 12:06:01.342;9660;NA;0
"497";"057";"n2";497;2017-05-25;"OUT";2017-05-25 12:06:09.742;9660;NA;0
"498";"057";"n2";498;2017-05-25;"IN";2017-05-25 12:06:39.855;9660;NA;0
"499";"057";"n2";499;2017-05-25;"OUT";2017-05-25 12:06:46.812;9660;NA;0
"500";"057";"n2";500;2017-05-25;"IN";2017-05-25 12:07:54.497;9660;"BT 1";0
"501";"057";"n2";501;2017-05-25;"FRONT";2017-05-25 12:08:06.973;9660;"BT2 and BT1 both at front plate from oppsite sides";1
"502";"057";"n2";502;2017-05-25;"BACK";2017-05-25 12:08:07.000;9660;"BT2 and BT1 both at front plate from oppsite sides";1
"503";"057";"n2";503;2017-05-25;"BACK";2017-05-25 12:08:10.400;9660;"BT1 back in box";2
"504";"057";"n2";504;2017-05-25;"FRONT";2017-05-25 12:08:10.562;9660;"BT 2 fliegt wieder weg";2
"505";"057";"n2";505;2017-05-25;"OUT";2017-05-25 12:08:19.571;9660;"BT1 leaves box";0
"506";"057";"n2";506;2017-05-25;"IN";2017-05-25 12:08:50.299;9660;NA;0
"507";"057";"n2";507;2017-05-25;"OUT";2017-05-25 12:09:05.762;9660;NA;0
"508";"057";"n2";508;2017-05-25;"IN";2017-05-25 12:09:15.733;9660;NA;0
"509";"057";"n2";509;2017-05-25;"OUT";2017-05-25 12:09:24.375;9660;NA;0
"510";"057";"n2";510;2017-05-25;"IN";2017-05-25 12:09:41.173;9660;NA;0
"511";"057";"n2";511;2017-05-25;"OUT";2017-05-25 12:09:49.918;9660;NA;0
"512";"057";"n2";512;2017-05-25;"IN";2017-05-25 12:10:37.698;9660;NA;0
"513";"057";"n2";513;2017-05-25;"IN";2017-05-25 12:10:44.525;9660;NA;0
"514";"057";"n2";514;2017-05-25;"OUT";2017-05-25 12:10:47.269;9660;NA;0
"515";"057";"n2";515;2017-05-25;"OUT";2017-05-25 12:10:50.039;9660;NA;0
"516";"057";"n2";516;2017-05-25;"IN";2017-05-25 12:11:40.214;9660;NA;0
"517";"057";"n2";517;2017-05-25;"OUT";2017-05-25 12:11:46.561;9660;NA;0
"518";"057";"n2";518;2017-05-25;"IN";2017-05-25 12:11:55.687;9660;NA;0
"519";"057";"n2";519;2017-05-25;"OUT";2017-05-25 12:11:59.994;9660;NA;0
"520";"057";"n2";520;2017-05-25;"IN";2017-05-25 12:13:14.418;9660;NA;0
"521";"057";"n2";521;2017-05-25;"OUT";2017-05-25 12:13:20.775;9660;NA;0
"522";"057";"n2";522;2017-05-25;"IN";2017-05-25 12:13:52.345;9660;NA;0
"523";"057";"n2";523;2017-05-25;"OUT";2017-05-25 12:13:58.934;9660;NA;0
"524";"057";"n2";524;2017-05-25;"IN";2017-05-25 12:14:48.134;9660;NA;0
"525";"057";"n2";525;2017-05-25;"OUT";2017-05-25 12:14:59.529;9660;NA;0
"526";"057";"n2";526;2017-05-25;"IN";2017-05-25 12:15:28.217;9660;NA;0
"527";"057";"n2";527;2017-05-25;"OUT";2017-05-25 12:15:40.322;9660;NA;0
"528";"057";"n2";528;2017-05-25;"IN";2017-05-25 12:17:28.094;9660;NA;0
"529";"057";"n2";529;2017-05-25;"OUT";2017-05-25 12:17:38.065;9660;NA;0
"530";"057";"n2";530;2017-05-25;"IN";2017-05-25 12:17:50.424;9660;NA;0
"531";"057";"n2";531;2017-05-25;"OUT";2017-05-25 12:18:17.052;9660;NA;0
"532";"057";"n2";532;2017-05-25;"FRONT";2017-05-25 12:18:25.575;9660;NA;1
"533";"057";"n2";533;2017-05-25;"IN";2017-05-25 12:18:26.733;9660;NA;0
"534";"057";"n2";534;2017-05-25;"OUT";2017-05-25 12:19:00.013;9660;NA;0
"535";"057";"n2";535;2017-05-25;"FRONT";2017-05-25 12:20:54.131;9660;NA;1
"536";"057";"n2";536;2017-05-25;"IN";2017-05-25 12:20:56.292;9660;NA;0
"537";"057";"n2";537;2017-05-25;"OUT";2017-05-25 12:21:04.573;9660;NA;0
"538";"057";"n2";538;2017-05-25;"IN";2017-05-25 12:23:43.473;9660;NA;0
"539";"057";"n2";539;2017-05-25;"OUT";2017-05-25 12:23:55.473;9660;NA;0
"540";"057";"n2";540;2017-05-25;"IN";2017-05-25 12:25:27.305;9660;NA;0
"541";"057";"n2";541;2017-05-25;"OUT";2017-05-25 12:25:37.098;9660;NA;0
"542";"057";"n2";542;2017-05-25;"IN";2017-05-25 12:26:06.644;9660;NA;0
"543";"057";"n2";543;2017-05-25;"OUT";2017-05-25 12:26:15.355;9660;NA;0
"544";"057";"n2";544;2017-05-25;"IN";2017-05-25 12:27:46.838;9660;NA;0
"545";"057";"n2";545;2017-05-25;"OUT";2017-05-25 12:27:58.947;9660;NA;0
"546";"057";"n2";546;2017-05-25;"IN";2017-05-25 12:28:43.673;9660;NA;0
"547";"057";"n2";547;2017-05-25;"IN";2017-05-25 12:29:17.661;9660;NA;0
"548";"057";"n2";548;2017-05-25;"OUT";2017-05-25 12:29:19.210;9660;NA;0
"549";"057";"n2";549;2017-05-25;"OUT";2017-05-25 12:29:29.665;9660;NA;0
"550";"057";"n2";550;2017-05-25;"IN";2017-05-25 12:30:09.732;9660;NA;0
"551";"057";"n2";551;2017-05-25;"OUT";2017-05-25 12:30:21.372;9660;NA;0
"552";"057";"n2";552;2017-05-25;"IN";2017-05-25 12:34:56.519;9660;NA;0
"553";"057";"n2";553;2017-05-25;"OUT";2017-05-25 12:35:13.338;9660;NA;0
"554";"057";"n2";554;2017-05-25;"pers_trans";2017-05-25 12:37:41.477;9660;"Peter Loes Transponder in Box um 12:37 Uhr";0
"555";"063";"n1";691;2017-06-01;"pers_trans";2017-06-01 10:11:10.730;NA;"Peter Loes Transponder in Box um 10:11 Uhr";0
"556";"063";"n1";692;2017-06-01;"FRONT";2017-06-01 10:18:19.756;NA;NA;1
"557";"063";"n1";693;2017-06-01;"FRONT";2017-06-01 10:18:35.357;NA;NA;2
"558";"063";"n1";694;2017-06-01;"FRONT";2017-06-01 10:23:38.836;NA;NA;1
"559";"063";"n1";695;2017-06-01;"IN";2017-06-01 10:23:41.118;NA;NA;0
"560";"063";"n1";696;2017-06-01;"OUT";2017-06-01 10:24:14.352;NA;NA;0
"561";"063";"n1";697;2017-06-01;"FRONT";2017-06-01 10:29:33.076;NA;NA;1
"562";"063";"n1";698;2017-06-01;"IN";2017-06-01 10:29:35.951;NA;NA;0
"563";"063";"n1";699;2017-06-01;"OUT";2017-06-01 10:29:44.957;NA;NA;0
"564";"063";"n1";700;2017-06-01;"FRONT";2017-06-01 10:29:55.039;NA;NA;1
"565";"063";"n1";701;2017-06-01;"IN";2017-06-01 10:29:58.391;NA;NA;0
"566";"063";"n1";702;2017-06-01;"BACK";2017-06-01 10:30:13.278;NA;NA;1
"567";"063";"n1";703;2017-06-01;"OUT";2017-06-01 10:30:14.716;NA;NA;0
"568";"063";"n1";704;2017-06-01;"FRONT";2017-06-01 10:51:05.950;NA;NA;1
"569";"063";"n1";705;2017-06-01;"IN";2017-06-01 10:51:08.959;NA;NA;0
"570";"063";"n1";706;2017-06-01;"OUT";2017-06-01 10:51:13.756;NA;NA;0
"571";"063";"n1";707;2017-06-01;"FRONT";2017-06-01 10:51:31.167;NA;NA;1
"572";"063";"n1";708;2017-06-01;"IN";2017-06-01 10:51:38.730;NA;NA;0
"573";"063";"n1";709;2017-06-01;"BACK";2017-06-01 10:51:59.936;NA;NA;1
"574";"063";"n1";710;2017-06-01;"OUT";2017-06-01 10:52:05.957;NA;NA;0
"575";"063";"n1";711;2017-06-01;"FRONT";2017-06-01 10:58:15.657;NA;NA;1
"576";"063";"n1";712;2017-06-01;"IN";2017-06-01 10:58:18.437;NA;NA;0
"577";"063";"n1";713;2017-06-01;"BACK";2017-06-01 10:58:55.635;NA;NA;1
"578";"063";"n1";714;2017-06-01;"OUT";2017-06-01 10:59:01.400;NA;NA;0
"579";"063";"n1";715;2017-06-01;"BACK";2017-06-01 11:20:13.279;NA;"chick";1
"580";"063";"n1";716;2017-06-01;"BACK";2017-06-01 11:21:16.753;NA;"chick";2
"581";"063";"n1";717;2017-06-01;"BACK";2017-06-01 11:21:32.717;NA;"chick";1
"582";"063";"n1";718;2017-06-01;"BACK";2017-06-01 11:21:41.690;NA;"chick";2
"583";"063";"n1";719;2017-06-01;"BACK";2017-06-01 11:21:45.673;NA;"chick";1
"584";"063";"n1";720;2017-06-01;"BACK";2017-06-01 11:22:05.714;NA;"chick";2
"585";"063";"n1";721;2017-06-01;"BACK";2017-06-01 11:22:09.556;NA;"chick";1
"586";"063";"n1";722;2017-06-01;"BACK";2017-06-01 11:22:33.438;NA;"chick";2
"587";"063";"n1";723;2017-06-01;"BACK";2017-06-01 11:22:35.838;NA;"chick";1
"588";"063";"n1";724;2017-06-01;"BACK";2017-06-01 11:22:36.204;NA;"chick";2
"589";"063";"n1";725;2017-06-01;"BACK";2017-06-01 11:22:38.239;NA;"chick";1
"590";"063";"n1";726;2017-06-01;"BACK";2017-06-01 11:22:46.489;NA;"chick";2
"591";"063";"n1";727;2017-06-01;"BACK";2017-06-01 11:22:48.923;NA;"chick";1
"592";"063";"n1";728;2017-06-01;"BACK";2017-06-01 11:23:01.285;NA;"chick";2
"593";"063";"n1";729;2017-06-01;"BACK";2017-06-01 11:23:07.997;NA;"chick";1
"594";"063";"n1";730;2017-06-01;"BACK";2017-06-01 11:23:20.102;NA;"chick";2
"595";"063";"n1";731;2017-06-01;"BACK";2017-06-01 11:23:25.750;NA;"chick";1
"596";"063";"n1";732;2017-06-01;"BACK";2017-06-01 11:23:35.357;NA;"chick";2
"597";"063";"n1";733;2017-06-01;"FRONT";2017-06-01 11:28:42.798;NA;NA;1
"598";"063";"n1";734;2017-06-01;"FRONT";2017-06-01 11:28:46.517;NA;NA;2
"599";"063";"n1";735;2017-06-01;"FRONT";2017-06-01 11:28:52.878;NA;NA;1
"600";"063";"n1";736;2017-06-01;"IN";2017-06-01 11:28:58.026;NA;NA;0
"601";"063";"n1";737;2017-06-01;"OUT";2017-06-01 11:29:06.549;NA;NA;0
"602";"063";"n1";738;2017-06-01;"FRONT";2017-06-01 11:29:23.365;NA;NA;1
"603";"063";"n1";739;2017-06-01;"IN";2017-06-01 11:29:26.351;NA;NA;0
"604";"063";"n1";740;2017-06-01;"OUT";2017-06-01 11:29:37.871;NA;NA;0
"605";"063";"n1";741;2017-06-01;"FRONT";2017-06-01 11:32:04.982;NA;NA;1
"606";"063";"n1";742;2017-06-01;"IN";2017-06-01 11:32:08.477;NA;NA;0
"607";"063";"n1";743;2017-06-01;"BACK";2017-06-01 11:32:22.858;NA;NA;1
"608";"063";"n1";744;2017-06-01;"OUT";2017-06-01 11:32:23.953;NA;NA;0
"609";"063";"n1";745;2017-06-01;"IN";2017-06-01 11:38:15.309;NA;NA;0
"610";"063";"n1";746;2017-06-01;"BACK";2017-06-01 11:38:46.517;NA;NA;1
"611";"063";"n1";747;2017-06-01;"OUT";2017-06-01 11:38:58.757;NA;NA;0
"612";"064";"n1";748;2017-05-18;"pers_trans";2017-05-18 09:58:12.793;7920;"Peter Loes Transponder in Box um 09:58 Uhr";0
"613";"064";"n1";749;2017-05-18;"IN";2017-05-18 10:00:45.917;7920;NA;0
"614";"064";"n1";750;2017-05-18;"OUT";2017-05-18 10:00:55.517;7920;NA;0
"615";"064";"n1";751;2017-05-18;"IN";2017-05-18 10:01:48.556;7920;NA;0
"616";"064";"n1";752;2017-05-18;"OUT";2017-05-18 10:01:57.076;7920;NA;0
"617";"064";"n1";753;2017-05-18;"IN";2017-05-18 10:04:28.157;7920;NA;0
"618";"064";"n1";754;2017-05-18;"OUT";2017-05-18 10:04:46.618;7920;NA;0
"619";"064";"n1";755;2017-05-18;"IN";2017-05-18 10:04:51.798;7920;NA;0
"620";"064";"n1";756;2017-05-18;"OUT";2017-05-18 10:05:31.628;7920;NA;0
"621";"064";"n1";757;2017-05-18;"IN";2017-05-18 10:07:37.157;7920;NA;0
"622";"064";"n1";758;2017-05-18;"BACK";2017-05-18 10:08:24.667;7920;NA;1
"623";"064";"n1";759;2017-05-18;"OUT";2017-05-18 10:08:25.750;7920;NA;0
"624";"064";"n1";760;2017-05-18;"IN";2017-05-18 10:10:48.318;7920;NA;0
"625";"064";"n1";761;2017-05-18;"OUT";2017-05-18 10:10:57.318;7920;NA;0
"626";"064";"n1";762;2017-05-18;"IN";2017-05-18 10:12:22.637;7920;NA;0
"627";"064";"n1";763;2017-05-18;"OUT";2017-05-18 10:12:47.477;7920;NA;0
"628";"064";"n1";764;2017-05-18;"IN";2017-05-18 10:13:01.276;7920;NA;0
"629";"064";"n1";765;2017-05-18;"OUT";2017-05-18 10:13:16.765;7920;NA;0
"630";"064";"n1";766;2017-05-18;"IN";2017-05-18 10:13:45.558;7920;NA;0
"631";"064";"n1";767;2017-05-18;"OUT";2017-05-18 10:13:57.437;7920;NA;0
"632";"064";"n1";768;2017-05-18;"IN";2017-05-18 10:15:02.838;7920;NA;0
"633";"064";"n1";769;2017-05-18;"OUT";2017-05-18 10:15:44.915;7920;NA;0
"634";"064";"n1";770;2017-05-18;"IN";2017-05-18 10:16:33.556;7920;NA;0
"635";"064";"n1";771;2017-05-18;"OUT";2017-05-18 10:16:43.632;7920;NA;0
"636";"064";"n1";772;2017-05-18;"IN";2017-05-18 10:18:18.674;7920;NA;0
"637";"064";"n1";773;2017-05-18;"OUT";2017-05-18 10:19:45.917;7920;NA;0
"638";"064";"n1";774;2017-05-18;"IN";2017-05-18 10:19:48.316;7920;NA;0
"639";"064";"n1";775;2017-05-18;"OUT";2017-05-18 10:20:52.276;7920;NA;0
"640";"064";"n1";776;2017-05-18;"IN";2017-05-18 10:23:15.306;7920;NA;0
"641";"064";"n1";777;2017-05-18;"OUT";2017-05-18 10:24:28.278;7920;NA;0
"642";"064";"n1";778;2017-05-18;"IN";2017-05-18 10:24:30.177;7920;NA;0
"643";"064";"n1";779;2017-05-18;"OUT";2017-05-18 10:24:38.717;7920;NA;0
"644";"064";"n1";780;2017-05-18;"IN";2017-05-18 10:25:28.388;7920;NA;0
"645";"064";"n1";781;2017-05-18;"OUT";2017-05-18 10:25:36.311;7920;NA;0
"646";"064";"n1";782;2017-05-18;"IN";2017-05-18 10:26:14.236;7920;NA;0
"647";"064";"n1";783;2017-05-18;"OUT";2017-05-18 10:26:22.032;7920;NA;0
"648";"064";"n1";784;2017-05-18;"IN";2017-05-18 10:26:52.378;7920;NA;0
"649";"064";"n1";785;2017-05-18;"OUT";2017-05-18 10:27:00.321;7920;NA;0
"650";"064";"n1";786;2017-05-18;"IN";2017-05-18 10:27:43.517;7920;NA;0
"651";"064";"n1";787;2017-05-18;"OUT";2017-05-18 10:27:56.476;7920;NA;0
"652";"064";"n1";788;2017-05-18;"IN";2017-05-18 10:29:40.634;7920;NA;0
"653";"064";"n1";789;2017-05-18;"IN";2017-05-18 10:30:21.197;7920;NA;0
"654";"064";"n1";790;2017-05-18;"OUT";2017-05-18 10:30:23.596;7920;NA;0
"655";"064";"n1";791;2017-05-18;"BACK";2017-05-18 10:30:28.996;7920;NA;1
"656";"064";"n1";792;2017-05-18;"OUT";2017-05-18 10:30:31.276;7920;NA;0
"657";"064";"n1";793;2017-05-18;"IN";2017-05-18 10:31:13.517;7920;NA;0
"658";"064";"n1";794;2017-05-18;"OUT";2017-05-18 10:31:23.358;7920;NA;0
"659";"064";"n1";795;2017-05-18;"IN";2017-05-18 10:32:30.913;7920;NA;0
"660";"064";"n1";796;2017-05-18;"OUT";2017-05-18 10:33:11.474;7920;NA;0
"661";"064";"n1";797;2017-05-18;"IN";2017-05-18 10:34:40.160;7920;NA;0
"662";"064";"n1";798;2017-05-18;"BACK";2017-05-18 10:35:33.437;7920;NA;1
"663";"064";"n1";799;2017-05-18;"OUT";2017-05-18 10:35:40.756;7920;NA;0
"664";"064";"n1";800;2017-05-18;"IN";2017-05-18 10:35:58.878;7920;NA;0
"665";"064";"n1";801;2017-05-18;"OUT";2017-05-18 10:36:21.678;7920;NA;0
"666";"064";"n1";802;2017-05-18;"IN";2017-05-18 10:37:51.078;7920;NA;0
"667";"064";"n1";803;2017-05-18;"OUT";2017-05-18 10:37:58.954;7920;NA;0
"668";"064";"n1";804;2017-05-18;"IN";2017-05-18 10:40:04.635;7920;NA;0
"669";"064";"n1";805;2017-05-18;"BACK";2017-05-18 10:40:15.316;7920;NA;1
"670";"064";"n1";806;2017-05-18;"OUT";2017-05-18 10:40:17.836;7920;NA;0
"671";"064";"n1";807;2017-05-18;"IN";2017-05-18 10:42:14.236;7920;NA;0
"672";"064";"n1";808;2017-05-18;"BACK";2017-05-18 10:43:11.957;7920;NA;1
"673";"064";"n1";809;2017-05-18;"OUT";2017-05-18 10:43:18.917;7920;NA;0
"674";"064";"n1";810;2017-05-18;"IN";2017-05-18 10:45:08.477;7920;NA;0
"675";"064";"n1";811;2017-05-18;"BACK";2017-05-18 10:45:17.710;7920;NA;1
"676";"064";"n1";812;2017-05-18;"OUT";2017-05-18 10:45:21.545;7920;NA;0
"677";"064";"n1";813;2017-05-18;"IN";2017-05-18 10:45:50.717;7920;NA;0
"678";"064";"n1";814;2017-05-18;"OUT";2017-05-18 10:46:03.551;7920;NA;0
"679";"064";"n1";815;2017-05-18;"IN";2017-05-18 10:46:45.071;7920;NA;0
"680";"064";"n1";816;2017-05-18;"OUT";2017-05-18 10:46:53.596;7920;NA;0
"681";"064";"n1";817;2017-05-18;"IN";2017-05-18 10:48:48.318;7920;NA;0
"682";"064";"n1";818;2017-05-18;"BACK";2017-05-18 10:49:11.335;7920;NA;1
"683";"064";"n1";819;2017-05-18;"BACK";2017-05-18 10:49:20.595;7920;NA;2
"684";"064";"n1";820;2017-05-18;"BACK";2017-05-18 10:50:33.673;7920;"BT 1 BACK";1
"685";"064";"n1";821;2017-05-18;"FRONT";2017-05-18 10:51:32.477;7920;"BT 2 fliegt kasten an, sieht BT1 und fliegt sofort wieder weg";1
"686";"064";"n1";822;2017-05-18;"FRONT";2017-05-18 10:51:32.500;7920;"BT 2 off as it sees BT 1";2
"687";"064";"n1";823;2017-05-18;"OUT";2017-05-18 10:51:35.588;7920;"BT 1 OUT";0
"688";"064";"n1";824;2017-05-18;"IN";2017-05-18 10:51:43.036;7920;NA;0
"689";"064";"n1";825;2017-05-18;"OUT";2017-05-18 10:51:53.230;7920;NA;0
"690";"064";"n1";826;2017-05-18;"IN";2017-05-18 10:53:58.997;7920;NA;0
"691";"064";"n1";827;2017-05-18;"OUT";2017-05-18 10:54:06.676;7920;NA;0
"692";"064";"n1";828;2017-05-18;"IN";2017-05-18 10:55:24.076;7920;NA;0
"693";"064";"n1";829;2017-05-18;"BACK";2017-05-18 10:56:42.677;7920;NA;1
"694";"064";"n1";830;2017-05-18;"OUT";2017-05-18 10:56:50.088;7920;NA;0
"695";"064";"n1";831;2017-05-18;"IN";2017-05-18 10:58:38.579;7920;NA;0
"696";"064";"n1";832;2017-05-18;"BACK";2017-05-18 10:58:50.466;7920;NA;1
"697";"064";"n1";833;2017-05-18;"OUT";2017-05-18 10:58:52.990;7920;NA;0
"698";"064";"n1";834;2017-05-18;"IN";2017-05-18 11:00:40.982;7920;NA;0
"699";"064";"n1";835;2017-05-18;"BACK";2017-05-18 11:01:16.638;7920;NA;1
"700";"064";"n1";836;2017-05-18;"OUT";2017-05-18 11:01:20.703;7920;NA;0
"701";"064";"n1";837;2017-05-18;"IN";2017-05-18 11:06:51.201;7920;NA;0
"702";"064";"n1";838;2017-05-18;"BACK";2017-05-18 11:07:03.924;7920;NA;1
"703";"064";"n1";839;2017-05-18;"OUT";2017-05-18 11:07:06.920;7920;NA;0
"704";"064";"n1";840;2017-05-18;"IN";2017-05-18 11:07:39.915;7920;NA;0
"705";"064";"n1";841;2017-05-18;"OUT";2017-05-18 11:07:53.226;7920;NA;0
"706";"064";"n1";842;2017-05-18;"IN";2017-05-18 11:09:28.522;7920;NA;0
"707";"064";"n1";843;2017-05-18;"OUT";2017-05-18 11:09:48.082;7920;NA;0
"708";"064";"n1";844;2017-05-18;"IN";2017-05-18 11:19:29.239;7920;NA;0
"709";"064";"n1";845;2017-05-18;"OUT";2017-05-18 11:20:15.197;7920;NA;0
"710";"064";"n1";846;2017-05-18;"IN";2017-05-18 11:20:16.157;7920;NA;0
"711";"064";"n1";847;2017-05-18;"OUT";2017-05-18 11:20:26.719;7920;NA;0
"712";"064";"n1";848;2017-05-18;"IN";2017-05-18 11:20:58.997;7920;NA;0
"713";"064";"n1";849;2017-05-18;"OUT";2017-05-18 11:21:09.437;7920;NA;0
"714";"064";"n1";850;2017-05-18;"IN";2017-05-18 11:22:18.799;7920;NA;0
"715";"064";"n1";851;2017-05-18;"OUT";2017-05-18 11:22:32.720;7920;NA;0
"716";"064";"n1";852;2017-05-18;"IN";2017-05-18 11:22:47.243;7920;NA;0
"717";"064";"n1";853;2017-05-18;"OUT";2017-05-18 11:22:58.397;7920;NA;0
"718";"064";"n1";854;2017-05-18;"IN";2017-05-18 11:23:13.507;7920;NA;0
"719";"064";"n1";855;2017-05-18;"OUT";2017-05-18 11:23:22.401;7920;NA;0
"720";"064";"n1";856;2017-05-18;"IN";2017-05-18 11:23:36.315;7920;NA;0
"721";"064";"n1";857;2017-05-18;"OUT";2017-05-18 11:23:42.069;7920;NA;0
"722";"064";"n1";858;2017-05-18;"IN";2017-05-18 11:24:54.789;7920;NA;0
"723";"064";"n1";859;2017-05-18;"OUT";2017-05-18 11:25:04.638;7920;NA;0
"724";"064";"n1";860;2017-05-18;"IN";2017-05-18 11:26:18.783;7920;NA;0
"725";"064";"n1";861;2017-05-18;"OUT";2017-05-18 11:26:27.438;7920;NA;0
"726";"064";"n1";862;2017-05-18;"IN";2017-05-18 11:26:48.436;7920;NA;0
"727";"064";"n1";863;2017-05-18;"OUT";2017-05-18 11:26:57.069;7920;NA;0
"728";"064";"n1";864;2017-05-18;"IN";2017-05-18 11:27:39.917;7920;NA;0
"729";"064";"n1";865;2017-05-18;"BACK";2017-05-18 11:28:45.187;7920;NA;1
"730";"064";"n1";866;2017-05-18;"OUT";2017-05-18 11:28:49.757;7920;NA;0
"731";"064";"n2";867;2017-05-18;"IN";2017-05-18 11:31:19.615;7920;NA;0
"732";"064";"n2";868;2017-05-18;"BACK";2017-05-18 11:31:28.278;7920;NA;1
"733";"064";"n2";869;2017-05-18;"OUT";2017-05-18 11:31:30.082;7920;NA;0
"734";"064";"n2";870;2017-05-18;"IN";2017-05-18 11:32:37.385;7920;"BT1";0
"735";"064";"n2";871;2017-05-18;"FRONT";2017-05-18 11:32:45.549;7920;"BT2";1
"736";"064";"n2";872;2017-05-18;"FRONT";2017-05-18 11:32:45.849;7920;"BT2";2
"737";"064";"n2";873;2017-05-18;"OUT";2017-05-18 11:32:52.272;7920;"BT1";0
"738";"064";"n2";874;2017-05-18;"IN";2017-05-18 11:32:56.832;7920;NA;0
"739";"064";"n2";875;2017-05-18;"OUT";2017-05-18 11:33:04.973;7920;NA;0
"740";"064";"n2";876;2017-05-18;"IN";2017-05-18 11:33:06.438;7920;NA;0
"741";"064";"n2";877;2017-05-18;"OUT";2017-05-18 11:33:13.878;7920;NA;0
"742";"064";"n2";878;2017-05-18;"IN";2017-05-18 11:34:46.625;7920;NA;0
"743";"064";"n2";879;2017-05-18;"OUT";2017-05-18 11:35:32.959;7920;NA;0
"744";"064";"n2";880;2017-05-18;"IN";2017-05-18 11:36:24.562;7920;NA;0
"745";"064";"n2";881;2017-05-18;"OUT";2017-05-18 11:36:33.187;7920;NA;0
"746";"064";"n2";882;2017-05-18;"IN";2017-05-18 11:37:08.476;7920;NA;0
"747";"064";"n2";883;2017-05-18;"OUT";2017-05-18 11:37:15.078;7920;NA;0
"748";"064";"n2";884;2017-05-18;"IN";2017-05-18 11:37:23.690;7920;NA;0
"749";"064";"n2";885;2017-05-18;"OUT";2017-05-18 11:37:34.278;7920;NA;0
"750";"064";"n2";886;2017-05-18;"IN";2017-05-18 11:38:15.796;7920;NA;0
"751";"064";"n2";887;2017-05-18;"OUT";2017-05-18 11:38:22.638;7920;NA;0
"752";"064";"n2";888;2017-05-18;"IN";2017-05-18 11:38:51.917;7920;NA;0
"753";"064";"n2";889;2017-05-18;"OUT";2017-05-18 11:39:00.318;7920;NA;0
"754";"064";"n2";890;2017-05-18;"IN";2017-05-18 11:40:13.276;7920;NA;0
"755";"064";"n2";891;2017-05-18;"OUT";2017-05-18 11:40:19.036;7920;NA;0
"756";"064";"n2";892;2017-05-18;"IN";2017-05-18 11:42:14.236;7920;NA;0
"757";"064";"n2";893;2017-05-18;"OUT";2017-05-18 11:42:28.877;7920;NA;0
"758";"064";"n2";894;2017-05-18;"IN";2017-05-18 11:43:43.739;7920;NA;0
"759";"064";"n2";895;2017-05-18;"OUT";2017-05-18 11:43:53.957;7920;NA;0
"760";"064";"n2";896;2017-05-18;"IN";2017-05-18 11:46:06.801;7920;NA;0
"761";"064";"n2";897;2017-05-18;"IN";2017-05-18 11:46:12.786;7920;NA;0
"762";"064";"n2";898;2017-05-18;"OUT";2017-05-18 11:46:17.117;7920;NA;0
"763";"064";"n2";899;2017-05-18;"OUT";2017-05-18 11:46:18.440;7920;NA;0
"764";"064";"n2";900;2017-05-18;"IN";2017-05-18 11:46:54.437;7920;NA;0
"765";"064";"n2";901;2017-05-18;"OUT";2017-05-18 11:46:59.944;7920;NA;0
"766";"064";"n2";902;2017-05-18;"IN";2017-05-18 11:48:23.477;7920;NA;0
"767";"064";"n2";903;2017-05-18;"IN";2017-05-18 11:48:54.798;7920;NA;0
"768";"064";"n2";904;2017-05-18;"OUT";2017-05-18 11:48:57.318;7920;NA;0
"769";"064";"n2";905;2017-05-18;"OUT";2017-05-18 11:48:59.944;7920;NA;0
"770";"064";"n2";906;2017-05-18;"IN";2017-05-18 11:49:07.036;7920;NA;0
"771";"064";"n2";907;2017-05-18;"OUT";2017-05-18 11:49:14.717;7920;NA;0
"772";"064";"n2";908;2017-05-18;"IN";2017-05-18 11:49:55.032;7920;NA;0
"773";"064";"n2";909;2017-05-18;"OUT";2017-05-18 11:50:02.940;7920;NA;0
"774";"064";"n2";910;2017-05-18;"IN";2017-05-18 11:51:08.598;7920;NA;0
"775";"064";"n2";911;2017-05-18;"BACK";2017-05-18 11:51:22.397;7920;NA;1
"776";"064";"n2";912;2017-05-18;"OUT";2017-05-18 11:51:23.348;7920;NA;0
"777";"064";"n2";913;2017-05-18;"IN";2017-05-18 11:51:43.266;7920;NA;0
"778";"064";"n2";914;2017-05-18;"IN";2017-05-18 11:51:52.752;7920;NA;0
"779";"064";"n2";915;2017-05-18;"OUT";2017-05-18 11:51:57.915;7920;NA;0
"780";"064";"n2";916;2017-05-18;"OUT";2017-05-18 11:51:59.109;7920;NA;0
"781";"064";"n2";917;2017-05-18;"IN";2017-05-18 11:52:27.436;7920;NA;0
"782";"064";"n2";918;2017-05-18;"OUT";2017-05-18 11:52:33.065;7920;NA;0
"783";"064";"n2";919;2017-05-18;"IN";2017-05-18 11:52:36.427;7920;NA;0
"784";"064";"n2";920;2017-05-18;"OUT";2017-05-18 11:52:49.278;7920;NA;0
"785";"064";"n2";921;2017-05-18;"IN";2017-05-18 11:54:12.539;7920;NA;0
"786";"064";"n2";922;2017-05-18;"OUT";2017-05-18 11:54:18.558;7920;NA;0
"787";"064";"n2";923;2017-05-18;"IN";2017-05-18 11:54:35.717;7920;NA;0
"788";"064";"n2";924;2017-05-18;"BACK";2017-05-18 11:55:59.447;7920;NA;1
"789";"064";"n2";925;2017-05-18;"OUT";2017-05-18 11:56:10.036;7920;NA;0
"790";"064";"n2";926;2017-05-18;"IN";2017-05-18 11:56:55.997;7920;NA;0
"791";"064";"n2";927;2017-05-18;"BACK";2017-05-18 11:58:19.634;7920;NA;1
"792";"064";"n2";928;2017-05-18;"OUT";2017-05-18 11:58:24.318;7920;NA;0
"793";"064";"n2";929;2017-05-18;"IN";2017-05-18 11:58:36.798;7920;NA;0
"794";"064";"n2";930;2017-05-18;"BACK";2017-05-18 11:58:45.309;7920;NA;1
"795";"064";"n2";931;2017-05-18;"OUT";2017-05-18 11:58:47.470;7920;NA;0
"796";"064";"n2";932;2017-05-18;"IN";2017-05-18 12:00:15.318;7920;NA;0
"797";"064";"n2";933;2017-05-18;"IN";2017-05-18 12:00:24.915;7920;NA;0
"798";"064";"n2";934;2017-05-18;"OUT";2017-05-18 12:00:27.421;7920;NA;0
"799";"064";"n2";935;2017-05-18;"OUT";2017-05-18 12:00:31.635;7920;NA;0
"800";"064";"n2";936;2017-05-18;"IN";2017-05-18 12:00:35.839;7920;NA;0
"801";"064";"n2";937;2017-05-18;"OUT";2017-05-18 12:00:42.318;7920;NA;0
"802";"064";"n2";938;2017-05-18;"IN";2017-05-18 12:01:03.062;7920;NA;0
"803";"064";"n2";939;2017-05-18;"OUT";2017-05-18 12:01:11.476;7920;NA;0
"804";"064";"n2";940;2017-05-18;"IN";2017-05-18 12:02:43.513;7920;NA;0
"805";"064";"n2";941;2017-05-18;"OUT";2017-05-18 12:02:50.358;7920;NA;0
"806";"064";"n2";942;2017-05-18;"IN";2017-05-18 12:03:21.917;7920;NA;0
"807";"064";"n2";943;2017-05-18;"OUT";2017-05-18 12:03:28.996;7920;NA;0
"808";"064";"n2";944;2017-05-18;"IN";2017-05-18 12:03:34.996;7920;NA;0
"809";"064";"n2";945;2017-05-18;"OUT";2017-05-18 12:03:44.717;7920;NA;0
"810";"064";"n2";946;2017-05-18;"IN";2017-05-18 12:06:28.388;7920;NA;0
"811";"064";"n2";947;2017-05-18;"OUT";2017-05-18 12:06:37.757;7920;NA;0
"812";"064";"n2";948;2017-05-18;"IN";2017-05-18 12:08:17.711;7920;NA;0
"813";"064";"n2";949;2017-05-18;"OUT";2017-05-18 12:08:27.200;7920;NA;0
"814";"064";"n2";950;2017-05-18;"IN";2017-05-18 12:08:44.957;7920;NA;0
"815";"064";"n2";951;2017-05-18;"OUT";2017-05-18 12:08:53.092;7920;NA;0
"816";"064";"n2";952;2017-05-18;"pers_trans";2017-05-18 12:10:15.519;7920;"Peter Loes Transponder in Box um 12:10 Uhr";0
"817";"077";"n1";1315;2017-05-25;"pers_trans";2017-05-25 10:10:18.848;8640;"Peter Loes Transponder in Box um 10:08 Uhr";0
"818";"077";"n2";1316;2017-05-25;"pers_trans";2017-05-25 10:10:29.559;8640;"Peter Loes Transponder in Box um 10:10 Uhr";0
"819";"077";"n2";1317;2017-05-25;"FRONT";2017-05-25 10:17:30.690;8640;NA;1
"820";"077";"n2";1318;2017-05-25;"IN";2017-05-25 10:17:34.302;8640;NA;0
"821";"077";"n2";1319;2017-05-25;"OUT";2017-05-25 10:17:40.417;8640;NA;0
"822";"077";"n2";1320;2017-05-25;"IN";2017-05-25 10:17:57.099;8640;NA;0
"823";"077";"n2";1321;2017-05-25;"OUT";2017-05-25 10:18:05.140;8640;NA;0
"824";"077";"n2";1322;2017-05-25;"FRONT";2017-05-25 10:23:34.660;8640;NA;1
"825";"077";"n2";1323;2017-05-25;"IN";2017-05-25 10:23:35.499;8640;NA;0
"826";"077";"n2";1324;2017-05-25;"OUT";2017-05-25 10:23:40.180;8640;NA;0
"827";"077";"n2";1325;2017-05-25;"IN";2017-05-25 10:25:14.730;8640;NA;0
"828";"077";"n2";1326;2017-05-25;"OUT";2017-05-25 10:25:19.759;8640;NA;0
"829";"077";"n2";1327;2017-05-25;"IN";2017-05-25 10:27:14.115;8640;NA;0
"830";"077";"n2";1328;2017-05-25;"OUT";2017-05-25 10:27:18.219;8640;NA;0
"831";"077";"n2";1329;2017-05-25;"IN";2017-05-25 10:31:06.394;8640;NA;0
"832";"077";"n2";1330;2017-05-25;"OUT";2017-05-25 10:31:14.496;8640;NA;0
"833";"077";"n2";1331;2017-05-25;"IN";2017-05-25 10:32:50.859;8640;NA;0
"834";"077";"n2";1332;2017-05-25;"OUT";2017-05-25 10:32:55.288;8640;NA;0
"835";"077";"n2";1333;2017-05-25;"IN";2017-05-25 10:34:32.141;8640;NA;0
"836";"077";"n2";1334;2017-05-25;"OUT";2017-05-25 10:34:41.983;8640;NA;0
"837";"077";"n2";1335;2017-05-25;"IN";2017-05-25 10:37:06.461;8640;NA;0
"838";"077";"n2";1336;2017-05-25;"OUT";2017-05-25 10:37:12.342;8640;NA;0
"839";"077";"n2";1337;2017-05-25;"IN";2017-05-25 10:37:49.901;8640;NA;0
"840";"077";"n2";1338;2017-05-25;"OUT";2017-05-25 10:37:54.341;8640;NA;0
"841";"077";"n2";1339;2017-05-25;"IN";2017-05-25 10:38:46.178;8640;NA;0
"842";"077";"n2";1340;2017-05-25;"OUT";2017-05-25 10:38:53.621;8640;NA;0
"843";"077";"n2";1341;2017-05-25;"IN";2017-05-25 10:46:47.263;8640;NA;0
"844";"077";"n2";1342;2017-05-25;"OUT";2017-05-25 10:46:53.983;8640;NA;0
"845";"077";"n2";1343;2017-05-25;"IN";2017-05-25 10:47:23.963;8640;NA;0
"846";"077";"n2";1344;2017-05-25;"OUT";2017-05-25 10:47:29.490;8640;NA;0
"847";"077";"n2";1345;2017-05-25;"IN";2017-05-25 10:51:47.581;8640;NA;0
"848";"077";"n2";1346;2017-05-25;"OUT";2017-05-25 10:51:59.618;8640;NA;0
"849";"077";"n2";1347;2017-05-25;"IN";2017-05-25 10:54:27.568;8640;NA;0
"850";"077";"n2";1348;2017-05-25;"OUT";2017-05-25 10:55:13.180;8640;NA;0
"851";"077";"n2";1349;2017-05-25;"IN";2017-05-25 10:57:48.232;8640;NA;0
"852";"077";"n2";1350;2017-05-25;"OUT";2017-05-25 10:57:59.980;8640;NA;0
"853";"077";"n2";1351;2017-05-25;"IN";2017-05-25 10:59:50.624;8640;NA;0
"854";"077";"n2";1352;2017-05-25;"OUT";2017-05-25 10:59:56.135;8640;NA;0
"855";"077";"n2";1353;2017-05-25;"IN";2017-05-25 11:00:28.293;8640;NA;0
"856";"077";"n2";1354;2017-05-25;"OUT";2017-05-25 11:00:37.421;8640;NA;0
"857";"077";"n2";1355;2017-05-25;"IN";2017-05-25 11:01:09.578;8640;NA;0
"858";"077";"n2";1356;2017-05-25;"OUT";2017-05-25 11:01:14.976;8640;NA;0
"859";"077";"n2";1357;2017-05-25;"IN";2017-05-25 11:02:04.299;8640;NA;0
"860";"077";"n2";1358;2017-05-25;"OUT";2017-05-25 11:02:14.263;8640;NA;0
"861";"077";"n2";1359;2017-05-25;"IN";2017-05-25 11:04:26.019;8640;NA;0
"862";"077";"n2";1360;2017-05-25;"BACK";2017-05-25 11:04:36.219;8640;NA;1
"863";"077";"n2";1361;2017-05-25;"OUT";2017-05-25 11:04:38.744;8640;NA;0
"864";"077";"n2";1362;2017-05-25;"IN";2017-05-25 11:07:26.000;8640;NA;0
"865";"077";"n2";1363;2017-05-25;"OUT";2017-05-25 11:07:34.059;8640;NA;0
"866";"077";"n2";1364;2017-05-25;"IN";2017-05-25 11:07:40.045;8640;NA;0
"867";"077";"n2";1365;2017-05-25;"OUT";2017-05-25 11:07:45.223;8640;NA;0
"868";"077";"n2";1366;2017-05-25;"IN";2017-05-25 11:13:59.013;8640;NA;0
"869";"077";"n2";1367;2017-05-25;"OUT";2017-05-25 11:14:21.700;8640;NA;0
"870";"077";"n2";1368;2017-05-25;"IN";2017-05-25 11:14:50.621;8640;NA;0
"871";"077";"n2";1369;2017-05-25;"OUT";2017-05-25 11:14:55.418;8640;NA;0
"872";"077";"n2";1370;2017-05-25;"IN";2017-05-25 11:16:11.980;8640;NA;0
"873";"077";"n2";1371;2017-05-25;"OUT";2017-05-25 11:16:21.332;8640;NA;0
"874";"077";"n2";1372;2017-05-25;"IN";2017-05-25 11:18:23.611;8640;NA;0
"875";"077";"n2";1373;2017-05-25;"OUT";2017-05-25 11:18:33.703;8640;NA;0
"876";"077";"n2";1374;2017-05-25;"IN";2017-05-25 11:26:52.642;8640;NA;0
"877";"077";"n2";1375;2017-05-25;"OUT";2017-05-25 11:26:57.582;8640;NA;0
"878";"077";"n2";1376;2017-05-25;"IN";2017-05-25 11:29:21.818;8640;NA;0
"879";"077";"n2";1377;2017-05-25;"OUT";2017-05-25 11:29:48.078;8640;NA;0
"880";"077";"n2";1378;2017-05-25;"IN";2017-05-25 11:32:06.700;8640;NA;0
"881";"077";"n2";1379;2017-05-25;"OUT";2017-05-25 11:32:14.618;8640;NA;0
"882";"077";"n2";1380;2017-05-25;"IN";2017-05-25 11:32:24.700;8640;NA;0
"883";"077";"n2";1381;2017-05-25;"OUT";2017-05-25 11:32:30.338;8640;NA;0
"884";"077";"n2";1382;2017-05-25;"IN";2017-05-25 11:32:42.221;8640;NA;0
"885";"077";"n2";1383;2017-05-25;"OUT";2017-05-25 11:32:46.059;8640;NA;0
"886";"077";"n2";1384;2017-05-25;"IN";2017-05-25 11:32:59.740;8640;NA;0
"887";"077";"n2";1385;2017-05-25;"OUT";2017-05-25 11:33:04.532;8640;NA;0
"888";"077";"n2";1386;2017-05-25;"IN";2017-05-25 11:33:15.818;8640;NA;0
"889";"077";"n2";1387;2017-05-25;"OUT";2017-05-25 11:33:22.657;8640;NA;0
"890";"077";"n3";1388;2017-05-25;"IN";2017-05-25 11:48:50.835;8640;NA;0
"891";"077";"n3";1389;2017-05-25;"BACK";2017-05-25 11:50:01.654;8640;NA;1
"892";"077";"n3";1390;2017-05-25;"OUT";2017-05-25 11:50:07.532;8640;NA;0
"893";"077";"n3";1391;2017-05-25;"IN";2017-05-25 11:50:24.092;8640;NA;0
"894";"077";"n3";1392;2017-05-25;"BACK";2017-05-25 11:53:52.173;8640;NA;1
"895";"077";"n3";1393;2017-05-25;"BACK";2017-05-25 11:53:58.160;8640;NA;2
"896";"077";"n3";1394;2017-05-25;"BACK";2017-05-25 11:54:49.051;8640;NA;1
"897";"077";"n3";1395;2017-05-25;"OUT";2017-05-25 11:55:36.930;8640;NA;0
"898";"077";"n3";1396;2017-05-25;"IN";2017-05-25 11:59:25.884;8640;NA;0
"899";"077";"n3";1397;2017-05-25;"BACK";2017-05-25 11:59:35.970;8640;NA;1
"900";"077";"n3";1398;2017-05-25;"OUT";2017-05-25 12:00:18.329;8640;NA;0
"901";"077";"n3";1399;2017-05-25;"IN";2017-05-25 12:04:25.171;8640;NA;0
"902";"077";"n3";1400;2017-05-25;"OUT";2017-05-25 12:04:40.171;8640;NA;0
"903";"077";"n3";1401;2017-05-25;"IN";2017-05-25 12:04:43.650;8640;NA;0
"904";"077";"n3";1402;2017-05-25;"OUT";2017-05-25 12:04:50.131;8640;NA;0
"905";"077";"n3";1403;2017-05-25;"IN";2017-05-25 12:05:15.085;8640;NA;0
"906";"077";"n3";1404;2017-05-25;"BACK";2017-05-25 12:05:19.148;8640;NA;1
"907";"077";"n3";1405;2017-05-25;"OUT";2017-05-25 12:05:21.091;8640;NA;0
"908";"077";"n3";1406;2017-05-25;"IN";2017-05-25 12:05:38.851;8640;NA;0
"909";"077";"n3";1407;2017-05-25;"OUT";2017-05-25 12:05:47.012;8640;NA;0
"910";"077";"n3";1408;2017-05-25;"IN";2017-05-25 12:10:09.563;8640;NA;0
"911";"077";"n3";1409;2017-05-25;"OUT";2017-05-25 12:10:17.490;8640;NA;0
"912";"077";"n3";1410;2017-05-25;"IN";2017-05-25 12:15:08.361;8640;NA;0
"913";"077";"n3";1411;2017-05-25;"BACK";2017-05-25 12:15:15.566;8640;NA;1
"914";"077";"n3";1412;2017-05-25;"OUT";2017-05-25 12:15:17.611;8640;NA;0
"915";"077";"n3";1413;2017-05-25;"IN";2017-05-25 12:16:52.411;8640;NA;0
"916";"077";"n3";1414;2017-05-25;"OUT";2017-05-25 12:16:57.094;8640;NA;0
"917";"077";"n3";1415;2017-05-25;"IN";2017-05-25 12:17:07.176;8640;NA;0
"918";"077";"n3";1416;2017-05-25;"OUT";2017-05-25 12:17:14.497;8640;NA;0
"919";"077";"n3";1417;2017-05-25;"IN";2017-05-25 12:20:05.615;8640;NA;0
"920";"077";"n3";1418;2017-05-25;"OUT";2017-05-25 12:20:11.012;8640;NA;0
"921";"077";"n3";1419;2017-05-25;"IN";2017-05-25 12:22:03.334;8640;NA;0
"922";"077";"n3";1420;2017-05-25;"OUT";2017-05-25 12:22:10.055;8640;NA;0
"923";"077";"n3";1421;2017-05-25;"pers_trans";2017-05-25 12:34:55.957;8640;"Peter Transponder in Box um 12:34 Uhr";0
